-- phpMyAdmin SQL Dump
-- version 4.5.1
-- http://www.phpmyadmin.net
--
-- Host: 127.0.0.1
-- Generation Time: May 19, 2018 at 11:18 AM
-- Server version: 10.1.9-MariaDB
-- PHP Version: 5.6.15

SET SQL_MODE = "NO_AUTO_VALUE_ON_ZERO";
SET time_zone = "+00:00";


/*!40101 SET @OLD_CHARACTER_SET_CLIENT=@@CHARACTER_SET_CLIENT */;
/*!40101 SET @OLD_CHARACTER_SET_RESULTS=@@CHARACTER_SET_RESULTS */;
/*!40101 SET @OLD_COLLATION_CONNECTION=@@COLLATION_CONNECTION */;
/*!40101 SET NAMES utf8mb4 */;

--
-- Database: `acc_test`
--

-- --------------------------------------------------------

--
-- Table structure for table `ap_check_all`
--

CREATE TABLE `ap_check_all` (
  `payment_id` int(11) NOT NULL,
  `po_header_id` varchar(255) NOT NULL,
  `payment_number` varchar(255) NOT NULL,
  `payment_date` date NOT NULL,
  `payment_type` varchar(255) NOT NULL,
  `payment_amount` int(11) NOT NULL,
  `created_by` varchar(255) DEFAULT NULL,
  `created_date` date DEFAULT NULL,
  `last_update_by` varchar(255) DEFAULT NULL,
  `last_update_date` date DEFAULT NULL
) ENGINE=InnoDB DEFAULT CHARSET=latin1;

--
-- Dumping data for table `ap_check_all`
--

INSERT INTO `ap_check_all` (`payment_id`, `po_header_id`, `payment_number`, `payment_date`, `payment_type`, `payment_amount`, `created_by`, `created_date`, `last_update_by`, `last_update_date`) VALUES
(1, '20180312222216', 'a', '0000-00-00', 'c', 0, NULL, NULL, NULL, NULL),
(2, '20180312222216', 'asd', '2018-03-22', 'Cash', 11, NULL, NULL, NULL, NULL),
(3, '20180414174847', '123', '2018-04-21', 'Cash', 50000, 'ben', '2018-04-21', 'ben', '2018-04-21'),
(4, '', '123', '2018-04-22', 'Cash', 100, 'ben', '2018-04-22', 'ben', '2018-04-22'),
(5, '', '12', '2018-04-22', 'Cash', 1, 'ben', '2018-04-22', 'ben', '2018-04-22'),
(6, '', '123', '2018-04-22', 'Cash', 1, 'ben', '2018-04-22', 'ben', '2018-04-22'),
(7, '', '123', '2018-04-22', 'Cash', 1, 'ben', '2018-04-22', 'ben', '2018-04-22'),
(8, '', '1', '2018-04-22', 'Cash', 1, 'ben', '2018-04-22', 'ben', '2018-04-22'),
(9, '', '1', '2018-04-22', 'Cash', 123, 'ben', '2018-04-22', 'ben', '2018-04-22'),
(10, '', '1', '2018-04-22', 'Cash', 1, 'ben', '2018-04-22', 'ben', '2018-04-22'),
(11, '', '1', '2018-04-22', 'Cash', 1, 'ben', '2018-04-22', 'ben', '2018-04-22'),
(12, '20180312222216', 'k', '2018-04-22', 'Cash', 9, 'ben', '2018-04-22', 'ben', '2018-04-22'),
(13, '20180312222216', 'j', '2018-04-22', 'Cash', 10, 'ben', '2018-04-22', 'ben', '2018-04-22'),
(14, '20180312222216', 'u', '2018-04-22', 'Cash', 10, 'ben', '2018-04-22', 'ben', '2018-04-22'),
(15, '20180312222216', 'asdasd', '2018-04-22', 'Cash', 1, 'ben', '2018-04-22', 'ben', '2018-04-22'),
(16, '20180312222216', 'asd', '2018-04-22', 'Cash', 1, 'ben', '2018-04-22', 'ben', '2018-04-22'),
(17, '20180414174847', '', '2018-05-17', 'Cash', -20000, 'ben', '2018-05-17', 'ben', '2018-05-17'),
(18, '20180414174847', '', '2018-05-17', 'Cash', 100000, 'ben', '2018-05-17', 'ben', '2018-05-17'),
(19, '20180517214634', '123', '2018-05-17', 'Cash', 5000, 'ben', '2018-05-17', 'ben', '2018-05-17'),
(20, '20180517214634', 'asdasdasdas sad', '2018-05-17', 'Cash', 40000, 'ben', '2018-05-17', 'ben', '2018-05-17'),
(21, '20180517220644', '', '2018-05-17', 'Cash', 45000, 'ben', '2018-05-17', 'ben', '2018-05-17'),
(22, '20180517214634', '', '2018-05-17', 'Cash', 0, 'ben', '2018-05-17', 'ben', '2018-05-17'),
(23, '20180517220644', '', '2018-05-17', 'Cash', 1, 'ben', '2018-05-17', 'ben', '2018-05-17'),
(24, '20180517220644', '', '2018-05-17', 'Cash', 1, 'ben', '2018-05-17', 'ben', '2018-05-17'),
(25, '20180517220644', '', '2018-05-17', 'Cash', -2, 'ben', '2018-05-17', 'ben', '2018-05-17'),
(26, '20180517220644', '', '2018-05-17', 'Cash', 2147483647, 'ben', '2018-05-17', 'ben', '2018-05-17'),
(27, '20180517220644', '', '2018-05-17', 'Cash', 2147483647, 'ben', '2018-05-17', 'ben', '2018-05-17'),
(28, '20180517220644', '', '2018-05-17', 'Cash', -2147483647, 'ben', '2018-05-17', 'ben', '2018-05-17'),
(29, '20180517220644', '', '2018-05-17', 'Cash', 1, 'ben', '2018-05-17', 'ben', '2018-05-17'),
(30, '20180517220644', '', '2018-05-17', 'Cash', -2147483647, 'ben', '2018-05-17', 'ben', '2018-05-17'),
(31, '20180517220644', '', '2018-05-17', 'Cash', -1, 'ben', '2018-05-17', 'ben', '2018-05-17'),
(32, '20180517220644', '', '2018-05-17', 'Cash', -45000, 'ben', '2018-05-17', 'ben', '2018-05-17'),
(33, '20180517220644', '', '2018-05-17', 'Cash', 2147483647, 'ben', '2018-05-17', 'ben', '2018-05-17'),
(34, '20180517220644', '', '2018-05-17', 'Cash', -2147483647, 'ben', '2018-05-17', 'ben', '2018-05-17'),
(35, '20180517220644', '', '2018-05-17', 'Cash', 5000, 'ben', '2018-05-17', 'ben', '2018-05-17'),
(36, '20180517220644', '', '2018-05-17', 'Cash', 40000, 'ben', '2018-05-17', 'ben', '2018-05-17'),
(37, '20180517225849', '', '2018-05-17', 'Cash', 1, 'ben', '2018-05-17', 'ben', '2018-05-17'),
(38, '20180517220644', '', '2018-05-18', 'Cash', 0, 'ben', '2018-05-18', 'ben', '2018-05-18');

-- --------------------------------------------------------

--
-- Table structure for table `ap_supplier_all`
--

CREATE TABLE `ap_supplier_all` (
  `party_id` int(20) NOT NULL,
  `supplier_name` varchar(255) NOT NULL,
  `supplier_site` varchar(255) DEFAULT NULL,
  `supplier_type` varchar(255) DEFAULT NULL,
  `status` varchar(255) NOT NULL,
  `tax` int(20) NOT NULL,
  `created_date` date DEFAULT NULL,
  `created_by` varchar(255) DEFAULT NULL,
  `last_update_date` date DEFAULT NULL,
  `last_update_by` varchar(255) DEFAULT NULL,
  `ledger_id` varchar(255) DEFAULT NULL
) ENGINE=InnoDB DEFAULT CHARSET=latin1;

--
-- Dumping data for table `ap_supplier_all`
--

INSERT INTO `ap_supplier_all` (`party_id`, `supplier_name`, `supplier_site`, `supplier_type`, `status`, `tax`, `created_date`, `created_by`, `last_update_date`, `last_update_by`, `ledger_id`) VALUES
(1, 'aa', 'a', 'a', 'Active', 1, NULL, NULL, '2018-03-22', 'admin', '123'),
(2, 'cba', 'jakarta', 'impor', 'Active', 2, '2018-03-22', 'admin', NULL, NULL, '123'),
(3, 'bbbbbb', 'aaaa', 'aaa', 'Active', 1, '2018-03-22', 'admin', '2018-03-22', 'admin', '123'),
(4, 'bbbbbb', 'aaaa', 'aaa', 'Active', 1, '2018-03-22', 'admin', '2018-03-22', 'admin', '123'),
(5, 'bbbbbb', 'aaaa', 'aaa', 'Active', 1, '2018-03-22', 'admin', '2018-03-22', 'admin', '123'),
(6, 'a', 'a', 'a', 'Active', 1, '2018-05-14', '123', '2018-05-14', '123', NULL),
(7, 'aa', '1', '1', 'Active', 1, '2018-05-14', '123', '2018-05-14', '123', ''),
(8, 'sdas da sdas', '1', '1', 'Active', 1, '2018-05-14', '123', '2018-05-14', '123', '05141141'),
(9, 'aa', 'asd', 'asda', 'Active', 1, '2018-05-15', 'ben', '2018-05-15', 'ben', '123'),
(10, '222aa', 'jakarta', 'lokal', 'aktive', 0, NULL, NULL, NULL, NULL, NULL),
(11, '222aa,jakarta,lokal,aktive,a,1', 'asd', '', '', 0, NULL, NULL, NULL, NULL, NULL),
(12, 'a', 'a', 'a', 'Active', 1, '2018-05-15', 'ben', '2018-05-15', 'ben', '123');

-- --------------------------------------------------------

--
-- Table structure for table `ar_check_all`
--

CREATE TABLE `ar_check_all` (
  `payment_id` int(11) NOT NULL,
  `invoice_id` varchar(255) NOT NULL,
  `payment_number` varchar(255) NOT NULL,
  `payment_date` date NOT NULL,
  `payment_type` varchar(255) NOT NULL,
  `payment_amount` int(11) NOT NULL,
  `created_by` varchar(255) NOT NULL,
  `created_date` date NOT NULL,
  `last_update_by` varchar(255) NOT NULL,
  `last_update_date` date NOT NULL
) ENGINE=InnoDB DEFAULT CHARSET=latin1;

--
-- Dumping data for table `ar_check_all`
--

INSERT INTO `ar_check_all` (`payment_id`, `invoice_id`, `payment_number`, `payment_date`, `payment_type`, `payment_amount`, `created_by`, `created_date`, `last_update_by`, `last_update_date`) VALUES
(167, '20180516142644', 'Dari Toko', '2018-05-16', 'Cash', 20000, 'ben', '2018-05-16', 'ben', '2018-05-16'),
(168, '20180516142727', 'Dari Toko', '2018-05-16', 'Cash', 20000, 'ben', '2018-05-16', 'ben', '2018-05-16'),
(169, '20180516152847', 'Dari Toko', '2018-05-16', 'Cash', 15000, 'ben', '2018-05-16', 'ben', '2018-05-16'),
(170, '20180516153814', 'Dari Toko', '2018-05-16', 'Cash', 22000, 'ben', '2018-05-16', 'ben', '2018-05-16'),
(171, '20180516154004', 'Dari Toko', '2018-05-16', 'Cash', 20000, 'ben', '2018-05-16', 'ben', '2018-05-16'),
(172, '20180516190914', 'Dari Toko', '2018-05-16', 'Cash', 20000, 'ben', '2018-05-16', 'ben', '2018-05-16'),
(173, '20180517150828', 'Dari Toko', '2018-05-17', 'Cash', 20000, 'ben', '2018-05-17', 'ben', '2018-05-17'),
(174, '20180517153055', 'Dari Toko', '2018-05-17', 'Cash', 20000, 'ben', '2018-05-17', 'ben', '2018-05-17'),
(175, '20180517153300', 'Dari Toko', '2018-05-17', 'Cash', 20000, 'ben', '2018-05-17', 'ben', '2018-05-17'),
(176, '20180517153426', 'Dari Toko', '2018-05-17', 'Cash', 20000, 'ben', '2018-05-17', 'ben', '2018-05-17'),
(177, '20180517153938', 'Dari Toko', '2018-05-17', 'Cash', 20000, 'ben', '2018-05-17', 'ben', '2018-05-17'),
(178, '20180517172741', 'Dari Toko', '2018-05-17', 'Cash', 20000, 'ben', '2018-05-17', 'ben', '2018-05-17'),
(179, '20180517172811', 'Dari Toko', '2018-05-17', 'Cash', 20000, 'ben', '2018-05-17', 'ben', '2018-05-17'),
(180, '20180517173001', 'Dari Toko', '2018-05-17', 'Cash', 20000, 'ben', '2018-05-17', 'ben', '2018-05-17'),
(181, '20180517173157', 'Dari Toko', '2018-05-17', 'Cash', 20000, 'ben', '2018-05-17', 'ben', '2018-05-17'),
(182, '20180517173220', 'Dari Toko', '2018-05-17', 'Cash', 20000, 'ben', '2018-05-17', 'ben', '2018-05-17'),
(183, '20180517173325', 'Dari Toko', '2018-05-17', 'Cash', 20000, 'ben', '2018-05-17', 'ben', '2018-05-17'),
(184, '20180517173530', 'Dari Toko', '2018-05-17', 'Cash', -2147483648, 'ben', '2018-05-17', 'ben', '2018-05-17'),
(185, '20180517173605', 'Dari Toko', '2018-05-17', 'Cash', 20000, 'ben', '2018-05-17', 'ben', '2018-05-17'),
(186, '20180517173613', 'Dari Toko', '2018-05-17', 'Cash', 20000, 'ben', '2018-05-17', 'ben', '2018-05-17'),
(187, '20180517173620', 'Dari Toko', '2018-05-17', 'Cash', 20000, 'ben', '2018-05-17', 'ben', '2018-05-17'),
(188, '20180517173652', 'Dari Toko', '2018-05-17', 'Cash', 20000, 'ben', '2018-05-17', 'ben', '2018-05-17'),
(189, '20180517173850', 'Dari Toko', '2018-05-17', 'Cash', 20000, 'ben', '2018-05-17', 'ben', '2018-05-17'),
(190, '20180517173857', 'Dari Toko', '2018-05-17', 'Cash', 20000, 'ben', '2018-05-17', 'ben', '2018-05-17'),
(191, '20180517173926', 'Dari Toko', '2018-05-17', 'Cash', 22000, 'ben', '2018-05-17', 'ben', '2018-05-17'),
(192, '20180517174005', 'Dari Toko', '2018-05-17', 'Cash', 20000, 'ben', '2018-05-17', 'ben', '2018-05-17'),
(193, '20180517174014', 'Dari Toko', '2018-05-17', 'Cash', 15000, 'ben', '2018-05-17', 'ben', '2018-05-17'),
(194, '20180517174025', 'Dari Toko', '2018-05-17', 'Cash', 16500, 'ben', '2018-05-17', 'ben', '2018-05-17'),
(195, '20180517174049', 'Dari Toko', '2018-05-17', 'Cash', 20000, 'ben', '2018-05-17', 'ben', '2018-05-17'),
(196, '20180517174058', 'Dari Toko', '2018-05-17', 'Cash', 15000, 'ben', '2018-05-17', 'ben', '2018-05-17'),
(197, '20180517174106', 'Dari Toko', '2018-05-17', 'Cash', 22000, 'ben', '2018-05-17', 'ben', '2018-05-17'),
(198, '20180517174112', 'Dari Toko', '2018-05-17', 'Cash', 20000, 'ben', '2018-05-17', 'ben', '2018-05-17'),
(199, '20180517174122', 'Dari Toko', '2018-05-17', 'Cash', 16500, 'ben', '2018-05-17', 'ben', '2018-05-17'),
(200, '20180517174132', 'Dari Toko', '2018-05-17', 'Cash', 15000, 'ben', '2018-05-17', 'ben', '2018-05-17'),
(201, '20180517174336', 'Dari Toko', '2018-05-17', 'Cash', 20000, 'ben', '2018-05-17', 'ben', '2018-05-17'),
(202, '20180516142644', '', '2018-05-17', 'Cash', 0, 'ben', '2018-05-17', 'ben', '2018-05-17'),
(203, '20180516142644', '', '2018-05-17', 'Cash', -6, 'ben', '2018-05-17', 'ben', '2018-05-17'),
(204, '20180516142644', '', '2018-05-17', 'Cash', 0, 'ben', '2018-05-17', 'ben', '2018-05-17'),
(205, '20180516142644', '', '2018-05-17', 'Cash', 6, 'ben', '2018-05-17', 'ben', '2018-05-17'),
(206, '20180517224311', 'Dari Toko', '2018-05-17', 'Cash', -2147483648, 'ben', '2018-05-17', 'ben', '2018-05-17'),
(207, '20180517224648', 'Dari Toko', '2018-05-17', 'Cash', 20000, 'ben', '2018-05-17', 'ben', '2018-05-17'),
(208, '20180517224656', 'Dari Toko', '2018-05-17', 'Cash', 22000, 'ben', '2018-05-17', 'ben', '2018-05-17'),
(209, '20180517224705', 'Dari Toko', '2018-05-17', 'Cash', 20000, 'ben', '2018-05-17', 'ben', '2018-05-17'),
(210, '20180517224716', 'Dari Toko', '2018-05-17', 'Cash', 15000, 'ben', '2018-05-17', 'ben', '2018-05-17'),
(211, '20180517224728', 'Dari Toko', '2018-05-17', 'Cash', 16500, 'ben', '2018-05-17', 'ben', '2018-05-17'),
(212, '20180517224824', 'Dari Toko', '2018-05-17', 'Cash', 20000, 'ben', '2018-05-17', 'ben', '2018-05-17'),
(213, '20180517225015', 'Dari Toko', '2018-05-17', 'Cash', 20000, 'ben', '2018-05-17', 'ben', '2018-05-17'),
(214, '20180517225015', 'Dari Toko', '2018-05-17', 'Cash', 40000, 'ben', '2018-05-17', 'ben', '2018-05-17'),
(215, '20180517225021', 'Dari Toko', '2018-05-17', 'Cash', 20000, 'ben', '2018-05-17', 'ben', '2018-05-17'),
(216, '20180517225026', 'Dari Toko', '2018-05-17', 'Cash', 20000, 'ben', '2018-05-17', 'ben', '2018-05-17'),
(217, '20180517225032', 'Dari Toko', '2018-05-17', 'Cash', 20000, 'ben', '2018-05-17', 'ben', '2018-05-17'),
(218, '20180516142644', '', '2018-05-17', 'Cash', 55, 'ben', '2018-05-17', 'ben', '2018-05-17'),
(219, '20180517225032', '', '2018-05-17', 'Cash', 515151, 'ben', '2018-05-17', 'ben', '2018-05-17'),
(220, '20180516142644', '', '2018-05-17', 'Cash', -55, 'ben', '2018-05-17', 'ben', '2018-05-17'),
(221, '20180516142644', '', '2018-05-17', 'Cash', -20000, 'ben', '2018-05-17', 'ben', '2018-05-17'),
(222, '20180516142644', '', '2018-05-17', 'Cash', 20000, 'ben', '2018-05-17', 'ben', '2018-05-17'),
(223, '20180517230806', 'Dari Toko', '2018-05-17', 'Cash', 20000, 'ben', '2018-05-17', 'ben', '2018-05-17'),
(224, '20180517231035', 'Dari Toko', '2018-05-17', 'Cash', 20000, 'ben', '2018-05-17', 'ben', '2018-05-17'),
(225, '20180517231046', 'Dari Toko', '2018-05-17', 'Cash', 20000, 'ben', '2018-05-17', 'ben', '2018-05-17'),
(226, '20180517231053', 'Dari Toko', '2018-05-17', 'Cash', 20000, 'ben', '2018-05-17', 'ben', '2018-05-17'),
(227, '20180517231059', 'Dari Toko', '2018-05-17', 'Cash', 20000, 'ben', '2018-05-17', 'ben', '2018-05-17'),
(228, '20180517231118', 'Dari Toko', '2018-05-17', 'Cash', 20000, 'ben', '2018-05-17', 'ben', '2018-05-17'),
(229, '20180517231133', 'Dari Toko', '2018-05-17', 'Cash', 20000, 'ben', '2018-05-17', 'ben', '2018-05-17'),
(230, '20180517231139', 'Dari Toko', '2018-05-17', 'Cash', 20000, 'ben', '2018-05-17', 'ben', '2018-05-17'),
(231, '20180517231145', 'Dari Toko', '2018-05-17', 'Cash', 40000, 'ben', '2018-05-17', 'ben', '2018-05-17'),
(232, '20180517231219', 'Dari Toko', '2018-05-17', 'Cash', 20000, 'ben', '2018-05-17', 'ben', '2018-05-17'),
(233, '20180517231707', 'Dari Toko', '2018-05-17', 'Cash', 20000, 'ben', '2018-05-17', 'ben', '2018-05-17'),
(234, '20180517231715', 'Dari Toko', '2018-05-17', 'Cash', 20000, 'ben', '2018-05-17', 'ben', '2018-05-17'),
(235, '20180517232047', 'Dari Toko', '2018-05-17', 'Cash', 20000, 'ben', '2018-05-17', 'ben', '2018-05-17'),
(236, '20180517232741', 'Dari Toko', '2018-05-17', 'Cash', 20000, 'ben', '2018-05-17', 'ben', '2018-05-17'),
(237, '20180517232752', 'Dari Toko', '2018-05-17', 'Cash', 20000, 'ben', '2018-05-17', 'ben', '2018-05-17'),
(238, '20180517232828', 'Dari Toko', '2018-05-17', 'Cash', 22000, 'ben', '2018-05-17', 'ben', '2018-05-17'),
(239, '20180517232838', 'Dari Toko', '2018-05-17', 'Cash', 20000, 'ben', '2018-05-17', 'ben', '2018-05-17'),
(240, '20180517232906', 'Dari Toko', '2018-05-17', 'Cash', 20000, 'ben', '2018-05-17', 'ben', '2018-05-17'),
(241, '20180517232916', 'Dari Toko', '2018-05-17', 'Cash', 15000, 'ben', '2018-05-17', 'ben', '2018-05-17'),
(242, '20180517232923', 'Dari Toko', '2018-05-17', 'Cash', 22000, 'ben', '2018-05-17', 'ben', '2018-05-17'),
(243, '20180517232934', 'Dari Toko', '2018-05-17', 'Cash', 16500, 'ben', '2018-05-17', 'ben', '2018-05-17'),
(244, '20180517233652', 'Dari Toko', '2018-05-17', 'Cash', 20000, 'ben', '2018-05-17', 'ben', '2018-05-17'),
(245, '20180517233704', 'Dari Toko', '2018-05-17', 'Cash', 15000, 'ben', '2018-05-17', 'ben', '2018-05-17'),
(246, '20180517233711', 'Dari Toko', '2018-05-17', 'Cash', 22000, 'ben', '2018-05-17', 'ben', '2018-05-17'),
(247, '20180517233721', 'Dari Toko', '2018-05-17', 'Cash', 16500, 'ben', '2018-05-17', 'ben', '2018-05-17'),
(248, '20180518000314', 'Dari Toko', '2018-05-18', 'Cash', 20000, 'ben', '2018-05-18', 'ben', '2018-05-18'),
(249, '20180518000324', 'Dari Toko', '2018-05-18', 'Cash', 15000, 'ben', '2018-05-18', 'ben', '2018-05-18'),
(250, '20180518000332', 'Dari Toko', '2018-05-18', 'Cash', 22000, 'ben', '2018-05-18', 'ben', '2018-05-18'),
(251, '20180518000341', 'Dari Toko', '2018-05-18', 'Cash', 16500, 'ben', '2018-05-18', 'ben', '2018-05-18'),
(252, '20180517173112', '', '2018-05-19', 'Cash', 20000, 'ben', '2018-05-19', 'ben', '2018-05-19'),
(253, '20180519145118', 'Dari Toko', '2018-05-19', 'Cash', 20000, 'ben', '2018-05-19', 'ben', '2018-05-19');

-- --------------------------------------------------------

--
-- Table structure for table `cogs`
--

CREATE TABLE `cogs` (
  `item_cost_id` int(255) NOT NULL,
  `item_cost` int(16) DEFAULT NULL,
  `periode` date DEFAULT NULL,
  `last_update_date` date DEFAULT NULL,
  `last_update_by` varchar(255) DEFAULT NULL,
  `created_date` date DEFAULT NULL,
  `created_by` varchar(255) DEFAULT NULL,
  `type` varchar(255) DEFAULT NULL,
  `inventory_item_id` varchar(255) DEFAULT NULL,
  `ledger_id` varchar(255) NOT NULL,
  `sales_price` int(20) NOT NULL
) ENGINE=InnoDB DEFAULT CHARSET=latin1;

--
-- Dumping data for table `cogs`
--

INSERT INTO `cogs` (`item_cost_id`, `item_cost`, `periode`, `last_update_date`, `last_update_by`, `created_date`, `created_by`, `type`, `inventory_item_id`, `ledger_id`, `sales_price`) VALUES
(1, 45000, '0000-00-00', NULL, NULL, NULL, NULL, NULL, '27', '123', 0),
(2, 55000, '0000-00-00', NULL, NULL, NULL, NULL, NULL, '36', '123', 0),
(3, 34000, '0000-00-00', NULL, NULL, NULL, NULL, NULL, '37', '123', 0),
(4, 1, '2018-04-16', '2018-04-16', 'ben', '2018-04-16', 'ben', 'Manual', '36', '123', 1),
(5, 1, '2018-04-16', '2018-04-16', 'ben', '2018-04-16', 'ben', 'Manual', '27', '123', 2),
(6, 1, '2018-04-17', '2018-04-17', 'ben', '2018-04-17', 'ben', 'Manual', '45', '123', 2),
(7, 1, '2018-04-17', '2018-04-17', 'ben', '2018-04-17', 'ben', 'Manual', '27', '123', 2),
(8, 2, '2018-04-17', '2018-04-17', 'ben', '2018-04-17', 'ben', 'Manual', '27', '123', 2),
(9, 10000, '2018-04-17', '2018-04-17', 'ben', '2018-04-17', 'ben', 'Manual', '37', '123', 15000),
(10, 0, '2018-04-04', '2018-04-17', 'ben', '2018-04-17', 'ben', 'Manual', '27', '123', 0),
(11, 10000, '2018-04-17', '2018-04-17', 'ben', '2018-04-17', 'ben', 'Manual', '38', '123', 15000),
(12, 10000, '2018-04-17', '2018-04-17', 'ben', '2018-04-17', 'ben', 'Manual', '36', '123', 15000),
(13, 10000, '2018-04-17', '2018-04-17', 'ben', '2018-04-17', 'ben', 'Manual', '27', '123', 15000),
(14, 10000, '2018-04-17', '2018-04-17', 'ben', '2018-04-17', 'ben', 'Manual', '45', '123', 15000),
(15, 15000, '2018-04-18', '2018-04-18', 'ben', '2018-04-18', 'ben', 'Manual', '27', '123', 0),
(16, 123, '2018-04-18', '2018-04-18', 'ben', '2018-04-18', 'ben', 'Manual', '27', '123', 0),
(17, 15000, '2018-04-18', '2018-04-18', 'ben', '2018-04-18', 'ben', 'Manual', '27', '123', 0),
(18, 1, '2018-04-18', '2018-04-18', 'ben', '2018-04-18', 'ben', 'Manual', '27', '123', 0),
(19, 2, '2018-04-18', '2018-04-18', 'ben', '2018-04-18', 'ben', 'Manual', '27', '123', 0),
(20, 0, '2018-04-18', '2018-04-18', 'ben', '2018-04-18', 'ben', 'Manual', '27', '123', 2),
(21, 1500, '2018-04-18', '2018-04-18', 'ben', '2018-04-18', 'ben', 'Manual', '27', '123', 1),
(22, 1, '2018-04-18', '2018-04-18', 'ben', '2018-04-18', 'ben', 'Manual', '27', '123', 0),
(23, 0, '2018-04-18', '2018-04-18', 'ben', '2018-04-18', 'ben', 'Manual', '27', '123', 1),
(24, 0, '2018-04-18', '2018-04-18', 'ben', '2018-04-18', 'ben', 'Manual', '27', '123', 1),
(25, 1500, '2018-04-18', '2018-04-18', 'ben', '2018-04-18', 'ben', 'Manual', '27', '123', 2),
(26, 0, '2018-04-18', '2018-04-18', 'ben', '2018-04-18', 'ben', 'Manual', '27', '123', 2),
(27, 0, '2018-04-18', '2018-04-18', 'ben', '2018-04-18', 'ben', 'Manual', '27', '123', 1),
(28, 2, '2018-04-18', '2018-04-18', 'ben', '2018-04-18', 'ben', 'Manual', '27', '123', 0),
(29, 2, '2018-04-18', '2018-04-18', 'ben', '2018-04-18', 'ben', 'Manual', '27', '123', 0),
(30, 1000, '2018-04-18', '2018-04-18', 'ben', '2018-04-18', 'ben', 'Manual', '27', '123', 1500),
(31, 20000, '2018-04-18', '2018-04-18', 'ben', '2018-04-18', 'ben', 'Manual', '27', '123', 25000),
(32, 15000, '2018-04-18', '2018-04-18', 'ben', '2018-04-18', 'ben', 'Manual', '27', '123', 25000),
(33, 15000, '2018-04-18', '2018-04-18', 'ben', '2018-04-18', 'ben', 'Manual', '27', '123', 20000),
(34, 12500, '2018-04-18', '2018-04-18', 'ben', '2018-04-18', 'ben', 'Manual', '27', '123', 15000),
(35, 0, '1970-01-01', '2018-04-18', 'ben', '2018-04-18', 'ben', 'Manual', '', '123', 0),
(36, 0, '1970-01-01', '2018-04-18', 'ben', '2018-04-18', 'ben', 'Manual', '', '123', 0),
(37, 0, '1970-01-01', '2018-04-18', 'ben', '2018-04-18', 'ben', 'Manual', '', '123', 0),
(38, 10000, '2018-04-19', '2018-04-19', 'ben', '2018-04-19', 'ben', 'Manual', '27', '123', 10000),
(39, 15000, '2018-04-19', '2018-04-19', 'ben', '2018-04-19', 'ben', 'Manual', '27', '123', 15000),
(40, 123, '2018-04-19', '2018-04-19', 'ben', '2018-04-19', 'ben', 'Manual', '27', '123', 123),
(41, 123, '2018-04-19', '2018-04-19', 'ben', '2018-04-19', 'ben', 'Manual', '27', '123', 123),
(42, 111, '2018-04-19', '2018-04-19', 'ben', '2018-04-19', 'ben', 'Manual', '27', '123', 111),
(43, 123, '2018-04-19', '2018-04-19', 'ben', '2018-04-19', 'ben', 'Manual', '36', '123', 123),
(44, 10000, '2018-04-23', '2018-04-23', 'ben', '2018-04-23', 'ben', 'Manual', '36', '123', 15000),
(45, 10000, '2018-04-23', '2018-04-23', 'ben', '2018-04-23', 'ben', 'Manual', '36', '123', 15000),
(46, 10000, '2018-04-23', '2018-04-23', 'ben', '2018-04-23', 'ben', 'Manual', '27', '123', 15000),
(47, 10000, '2018-04-23', '2018-04-23', 'ben', '2018-04-23', 'ben', 'Manual', '37', '123', 15000),
(48, 10000, '2018-04-23', '2018-04-23', 'ben', '2018-04-23', 'ben', 'Manual', '45', '123', 15000),
(49, 10000, '2018-04-23', '2018-04-23', 'ben', '2018-04-23', 'ben', 'Manual', '38', '123', 15000),
(50, 11000, '2018-04-23', '2018-04-23', 'ben', '2018-04-23', 'ben', 'Manual', '27', '123', 15000),
(51, 12000, '2018-04-23', '2018-04-23', 'ben', '2018-04-23', 'ben', 'Manual', '37', '123', 15000),
(52, 10000, '2018-04-23', '2018-04-23', 'ben', '2018-04-23', 'ben', 'Manual', '27', '123', 17000),
(53, 10000, '2018-05-13', '2018-05-13', 'ben', '2018-05-13', 'ben', 'Manual', '68', '123', 15000),
(54, 10000, '2018-05-14', '2018-05-14', '123', '2018-05-14', '123', 'Manual', '92', '05141141', 15000),
(55, 10000, '2018-05-16', '2018-05-16', 'ben', '2018-05-16', 'ben', 'Manual', '27', '123', 10000),
(56, 10000, '2018-05-16', '2018-05-16', 'ben', '2018-05-16', 'ben', 'Manual', '27', '123', 20000),
(57, 0, '2018-05-16', '2018-05-16', 'ben', '2018-05-16', 'ben', 'Manual', '40', '123', 20000),
(58, 5000, '2018-05-19', '2018-05-19', 'ben', '2018-05-19', 'ben', 'Manual', '27', '123', 20000),
(59, 7500, '2018-05-19', '2018-05-19', 'ben', '2018-05-19', 'ben', 'Manual', '27', '123', 10000),
(60, 10000, '2018-05-19', '2018-05-19', 'ben', '2018-05-19', 'ben', 'Manual', '70', '123', 5000);

-- --------------------------------------------------------

--
-- Table structure for table `employee`
--

CREATE TABLE `employee` (
  `name` varchar(255) NOT NULL,
  `role` varchar(255) NOT NULL,
  `email` varchar(255) NOT NULL,
  `outlet_id` varchar(255) NOT NULL,
  `employee_id` int(11) NOT NULL,
  `created_by` varchar(255) DEFAULT NULL,
  `last_update_by` varchar(255) DEFAULT NULL,
  `created_date` date DEFAULT NULL,
  `last_update_date` date DEFAULT NULL,
  `password` varchar(255) NOT NULL,
  `ledger_id` varchar(255) NOT NULL
) ENGINE=InnoDB DEFAULT CHARSET=latin1;

--
-- Dumping data for table `employee`
--

INSERT INTO `employee` (`name`, `role`, `email`, `outlet_id`, `employee_id`, `created_by`, `last_update_by`, `created_date`, `last_update_date`, `password`, `ledger_id`) VALUES
('admin', 'Admin', 'martinganteng@gmail.com', 'CaseNation.ID', 3, '0', NULL, NULL, NULL, '5f4dcc3b5aa765d61d8327deb882cf99', ''),
('asd', 'Admin', 'admin@asd', 'Amoxilin', 5, NULL, NULL, '2018-04-09', NULL, '7815696ecbf1c96e6894b779456d330e', ''),
('bernard123', 'Admin', 'bernad@ayam', 'keprabon', 6, NULL, NULL, '2018-04-09', NULL, '7815696ecbf1c96e6894b779456d330e', ''),
('ayam', 'Admin', 'asayam@makanan', 'CaseNation.ID', 9, NULL, NULL, '2018-04-11', NULL, '7815696ecbf1c96e6894b779456d330e', '123'),
('ben', 'Staff', 'ben@aa', 'CaseNation.ID', 12, NULL, NULL, '2018-04-12', NULL, '7815696ecbf1c96e6894b779456d330e', '123'),
('123', 'Admin', 'asdasd@asd', 'friday', 14, NULL, NULL, '2018-05-14', NULL, '7815696ecbf1c96e6894b779456d330e', '05141141'),
('asdasdasd', 'Admin', 'asdasd@asdasd', 'CaseNation.ID', 15, NULL, NULL, '2018-05-19', NULL, '7815696ecbf1c96e6894b779456d330e', '123'),
('asdasdasd asd', 'Staff', 'asdasd@adasdasd', 'CaseNation.ID', 16, NULL, NULL, '2018-05-19', NULL, '7815696ecbf1c96e6894b779456d330e', '123'),
('a ', 'Staff', 'asdasd@asdaaa', 'CaseNation.ID', 17, NULL, NULL, '2018-05-19', NULL, '7815696ecbf1c96e6894b779456d330e', '123'),
('asdasdas asds d', 'Admin', 'asdasd@asdssasdasd', '', 19, NULL, NULL, '2018-05-19', NULL, '7815696ecbf1c96e6894b779456d330e', '123'),
('sadas asd asd asd asd asdas ', 'Admin', 'asdasd@asdasdasdsadasdasd', 'keprabon', 21, NULL, NULL, '2018-05-19', NULL, '7815696ecbf1c96e6894b779456d330e', '123'),
('asdasd asd asdasdw', 'Staff', 'asdasd@asd2', 'CaseNation.ID', 22, NULL, NULL, '2018-05-19', NULL, '7815696ecbf1c96e6894b779456d330e', '123'),
('ws1', 'Admin', 'admin@asd12', 'CaseNation.ID', 24, NULL, NULL, '2018-05-19', NULL, '7815696ecbf1c96e6894b779456d330e', '123'),
('s`1', 'Staff', 'asd#@asda22', 'CaseNation.ID', 25, NULL, NULL, '2018-05-19', NULL, '7815696ecbf1c96e6894b779456d330e', '123');

-- --------------------------------------------------------

--
-- Table structure for table `fmd_recipe_header`
--

CREATE TABLE `fmd_recipe_header` (
  `recipe_id` varchar(20) NOT NULL,
  `recipe_name` varchar(255) NOT NULL,
  `ledger_id` varchar(20) NOT NULL,
  `created_by` varchar(255) DEFAULT NULL,
  `created_date` date DEFAULT NULL,
  `last_update_by` varchar(255) DEFAULT NULL,
  `last_update_date` date DEFAULT NULL
) ENGINE=InnoDB DEFAULT CHARSET=latin1;

--
-- Dumping data for table `fmd_recipe_header`
--

INSERT INTO `fmd_recipe_header` (`recipe_id`, `recipe_name`, `ledger_id`, `created_by`, `created_date`, `last_update_by`, `last_update_date`) VALUES
('R04150604', 'a', '123', 'ben', '2018-04-15', 'ben', '2018-04-15'),
('R04150617', 'aa', '123', 'ben', '2018-04-15', 'ben', '2018-04-15'),
('R04150621', 'a2', '123', 'ben', '2018-04-15', 'ben', '2018-04-15'),
('R04150644', 'a1', '123', 'ben', '2018-04-15', 'ben', '2018-04-15'),
('R04150645', 'aab', '123', 'ben', '2018-04-15', 'ben', '2018-04-15'),
('R04150649', 'ben', '123', 'ben', '2018-04-15', 'ben', '2018-04-15'),
('R04160345', 'Makaroni', '123', 'ben', '2018-04-16', 'ben', '2018-04-16');

-- --------------------------------------------------------

--
-- Table structure for table `fmd_recipe_line`
--

CREATE TABLE `fmd_recipe_line` (
  `recipe_line_id` int(20) NOT NULL,
  `recipe_id` varchar(20) NOT NULL,
  `inventory_item_id` varchar(255) NOT NULL,
  `qty` int(20) NOT NULL,
  `created_date` date DEFAULT NULL,
  `created_by` varchar(255) DEFAULT NULL,
  `last_update_by` varchar(255) DEFAULT NULL,
  `last_update_date` date DEFAULT NULL
) ENGINE=InnoDB DEFAULT CHARSET=latin1;

--
-- Dumping data for table `fmd_recipe_line`
--

INSERT INTO `fmd_recipe_line` (`recipe_line_id`, `recipe_id`, `inventory_item_id`, `qty`, `created_date`, `created_by`, `last_update_by`, `last_update_date`) VALUES
(53, 'R04150604', 'Mario Bros', 1, '2018-04-15', 'ben', 'ben', '2018-04-15'),
(54, 'R04150617', 'Starwars', 2, '2018-04-15', 'ben', 'ben', '2018-04-15'),
(55, 'R04150617', 'Mario Bros', 1, '2018-04-15', 'ben', 'ben', '2018-04-15'),
(56, 'R04150645', 'Nike', 123, '2018-04-15', 'ben', 'ben', '2018-04-15'),
(57, 'R04150645', 'Captain America', 2, '2018-04-15', 'ben', 'ben', '2018-04-15'),
(58, 'R04150645', 'Mario Bros', 1, '2018-04-15', 'ben', 'ben', '2018-04-15'),
(59, 'R04150649', '36', 1, '2018-04-15', 'ben', 'ben', '2018-04-15'),
(60, 'R04150649', '27', 1, '2018-04-15', 'ben', 'ben', '2018-04-15'),
(61, 'R04160345', '2', 1, '2018-04-16', 'ben', 'ben', '2018-04-16');

-- --------------------------------------------------------

--
-- Table structure for table `inventory`
--

CREATE TABLE `inventory` (
  `id` int(11) NOT NULL,
  `item_code` varchar(20) NOT NULL,
  `description` varchar(255) NOT NULL,
  `qty` int(11) DEFAULT NULL,
  `sales_price` int(11) DEFAULT NULL,
  `min` int(11) NOT NULL,
  `max` int(11) NOT NULL,
  `cogs` int(20) DEFAULT NULL,
  `created_by` varchar(255) DEFAULT NULL,
  `last_update_by` varchar(255) DEFAULT NULL,
  `created_date` date DEFAULT NULL,
  `last_update_date` date DEFAULT NULL,
  `ledger_id` varchar(255) DEFAULT NULL,
  `status` varchar(255) DEFAULT NULL,
  `category` varchar(255) DEFAULT NULL
) ENGINE=InnoDB DEFAULT CHARSET=latin1;

--
-- Dumping data for table `inventory`
--

INSERT INTO `inventory` (`id`, `item_code`, `description`, `qty`, `sales_price`, `min`, `max`, `cogs`, `created_by`, `last_update_by`, `created_date`, `last_update_date`, `ledger_id`, `status`, `category`) VALUES
(27, 'RMT-0000002', 'Mario Bros', 974, 10000, 0, 10, 7500, NULL, 'ben', NULL, '2018-05-19', '123', 'Inactive', 'Casing'),
(36, 'RMT-0000003', 'Eye case', 0, 15000, 0, 10, 10000, NULL, 'ben', NULL, '2018-04-24', '123', 'Inactive', 'uncategorized'),
(37, 'RMT-0000004', 'Blue Ceramic', 0, 15000, 0, 10, 12000, NULL, 'ben', NULL, '2018-05-15', '123', 'Inactive', 'uncategorized'),
(38, 'RMT-0000005', 'Pink Flower', 0, 15000, 0, 10, 10000, NULL, 'ben', NULL, '2018-04-24', '123', 'Inactive', 'uncategorized'),
(39, 'RMT-0000006', 'Pineapple Case', 0, 100000, 0, 10, 50000, NULL, '', NULL, NULL, '123', 'Inactive', 'uncategorized'),
(40, 'RMT-0000007', 'Black Flower', 3, 20000, 0, 10, 0, NULL, 'ben', NULL, '2018-05-19', '123', 'Inactive', 'Dove'),
(41, 'RMT-0000008', 'Flower case', 0, 100000, 0, 10, 50000, NULL, '', NULL, NULL, '123', 'Inactive', 'uncategorized'),
(42, 'RMT-0000009', 'Pug Case', 38, 100000, 0, 10, 50000, NULL, '', NULL, NULL, '123', 'Active', 'uncategorized'),
(43, 'RMT-0000010', 'Simpsons', 1, 100000, 0, 10, 50000, NULL, 'ben', NULL, '0000-00-00', '123', 'Active', 'uncategorized'),
(44, 'RMT-0000011', 'Captain America', 0, 100000, 0, 10, 50000, NULL, '', NULL, NULL, '123', 'Inactive', 'uncategorized'),
(45, 'RMT-0000012', 'Nike', 0, 15000, 0, 10, 10000, NULL, 'ben', NULL, '2018-04-24', '123', 'Inactive', 'uncategorized'),
(46, 'RMT-0000013', 'Starwars', 0, 100000, 0, 10, 50000, NULL, '', NULL, NULL, '1233', 'Active', 'uncategorized');

-- --------------------------------------------------------

--
-- Table structure for table `invoice`
--

CREATE TABLE `invoice` (
  `unit_price` int(11) NOT NULL,
  `qty` int(11) NOT NULL,
  `date` datetime NOT NULL,
  `invoice_line_id` int(11) NOT NULL,
  `invoice_id` varchar(15) NOT NULL,
  `month` varchar(20) NOT NULL,
  `payment_method` varchar(255) DEFAULT NULL,
  `last_update_by` varchar(255) DEFAULT NULL,
  `last_update_date` date DEFAULT NULL,
  `created_by` varchar(255) DEFAULT NULL,
  `created_date` date DEFAULT NULL,
  `ledger_id` varchar(255) NOT NULL,
  `inventory_item_id` varchar(255) NOT NULL,
  `tax_code` float DEFAULT NULL,
  `tax_amount` float DEFAULT NULL,
  `cogs` int(11) NOT NULL
) ENGINE=InnoDB DEFAULT CHARSET=latin1;

--
-- Dumping data for table `invoice`
--

INSERT INTO `invoice` (`unit_price`, `qty`, `date`, `invoice_line_id`, `invoice_id`, `month`, `payment_method`, `last_update_by`, `last_update_date`, `created_by`, `created_date`, `ledger_id`, `inventory_item_id`, `tax_code`, `tax_amount`, `cogs`) VALUES
(20000, 1, '2018-05-16 00:00:00', 1232, '20180516142644', 'May', NULL, 'ben', '2018-05-16', 'ben', '2018-05-16', '123', '27', 0, 0, 10000),
(20000, 1, '2018-05-16 00:00:00', 1233, '20180516142727', 'May', NULL, 'ben', '2018-05-16', 'ben', '2018-05-16', '123', '27', 0, 0, 10000),
(20000, 1, '2018-05-16 00:00:00', 1234, '20180516152847', 'May', NULL, 'ben', '2018-05-16', 'ben', '2018-05-16', '123', '27', 0, 0, 10000),
(20000, 1, '2018-05-16 00:00:00', 1235, '20180516153814', 'May', NULL, 'ben', '2018-05-16', 'ben', '2018-05-16', '123', '27', 0.1, 2000, 10000),
(20000, 1, '2018-05-16 00:00:00', 1236, '20180516154004', 'May', NULL, 'ben', '2018-05-16', 'ben', '2018-05-16', '123', '40', 0, 0, 0),
(20000, 1, '2018-05-16 00:00:00', 1237, '20180516190838', 'May', NULL, 'ben', '2018-05-16', 'ben', '2018-05-16', '123', '27', 0, 0, 10000),
(20000, 1, '2018-05-16 00:00:00', 1238, '20180516190838', 'May', NULL, 'ben', '2018-05-16', 'ben', '2018-05-16', '123', '40', 0, 0, 0),
(20000, 1, '2018-05-16 00:00:00', 1239, '20180516190914', 'May', NULL, 'ben', '2018-05-16', 'ben', '2018-05-16', '123', '40', 0, 0, 0),
(20000, 1, '2018-05-17 00:00:00', 1240, '20180517150828', 'May', NULL, 'ben', '2018-05-17', 'ben', '2018-05-17', '123', '27', 0, 0, 10000),
(20000, 1, '2018-05-17 00:00:00', 1241, '20180517153055', 'May', NULL, 'ben', '2018-05-17', 'ben', '2018-05-17', '123', '27', 0, 0, 10000),
(20000, 1, '2018-05-17 00:00:00', 1242, '20180517153300', 'May', NULL, 'ben', '2018-05-17', 'ben', '2018-05-17', '123', '27', 0, 0, 10000),
(20000, 1, '2018-05-17 00:00:00', 1243, '20180517153426', 'May', NULL, 'ben', '2018-05-17', 'ben', '2018-05-17', '123', '27', 0, 0, 10000),
(20000, 1, '2018-05-17 00:00:00', 1244, '20180517153938', 'May', NULL, 'ben', '2018-05-17', 'ben', '2018-05-17', '123', '27', 0, 0, 10000),
(20000, 1, '2018-05-17 00:00:00', 1245, '20180517172741', 'May', NULL, 'ben', '2018-05-17', 'ben', '2018-05-17', '123', '27', 0, 0, 10000),
(20000, 1, '2018-05-17 00:00:00', 1246, '20180517172811', 'May', NULL, 'ben', '2018-05-17', 'ben', '2018-05-17', '123', '27', 0, 0, 10000),
(20000, 1, '2018-05-17 00:00:00', 1247, '20180517173001', 'May', NULL, 'ben', '2018-05-17', 'ben', '2018-05-17', '123', '40', 0, 0, 0),
(20000, 1, '2018-05-17 00:00:00', 1248, '20180517173112', 'May', NULL, 'ben', '2018-05-17', 'ben', '2018-05-17', '123', '40', 0, 0, 0),
(20000, 1, '2018-05-17 00:00:00', 1249, '20180517173157', 'May', NULL, 'ben', '2018-05-17', 'ben', '2018-05-17', '123', '40', 0, 0, 0),
(20000, 1, '2018-05-17 00:00:00', 1250, '20180517173220', 'May', NULL, 'ben', '2018-05-17', 'ben', '2018-05-17', '123', '27', 0, 0, 10000),
(20000, 1, '2018-05-17 00:00:00', 1251, '20180517173325', 'May', NULL, 'ben', '2018-05-17', 'ben', '2018-05-17', '123', '27', 0, 0, 10000),
(20000, 1, '2018-05-17 00:00:00', 1252, '20180517173530', 'May', NULL, 'ben', '2018-05-17', 'ben', '2018-05-17', '123', '27', 0, 0, 10000),
(20000, 1, '2018-05-17 00:00:00', 1253, '20180517173605', 'May', NULL, 'ben', '2018-05-17', 'ben', '2018-05-17', '123', '27', 0, 0, 10000),
(20000, 1, '2018-05-17 00:00:00', 1254, '20180517173613', 'May', NULL, 'ben', '2018-05-17', 'ben', '2018-05-17', '123', '27', 0, 0, 10000),
(20000, 1, '2018-05-17 00:00:00', 1255, '20180517173620', 'May', NULL, 'ben', '2018-05-17', 'ben', '2018-05-17', '123', '27', 0, 0, 10000),
(20000, 1, '2018-05-17 00:00:00', 1256, '20180517173652', 'May', NULL, 'ben', '2018-05-17', 'ben', '2018-05-17', '123', '27', 0, 0, 10000),
(20000, 1, '2018-05-17 00:00:00', 1257, '20180517173850', 'May', NULL, 'ben', '2018-05-17', 'ben', '2018-05-17', '123', '27', 0, 0, 10000),
(20000, 1, '2018-05-17 00:00:00', 1258, '20180517173857', 'May', NULL, 'ben', '2018-05-17', 'ben', '2018-05-17', '123', '27', 0, 0, 10000),
(20000, 1, '2018-05-17 00:00:00', 1259, '20180517173926', 'May', NULL, 'ben', '2018-05-17', 'ben', '2018-05-17', '123', '27', 0.1, 2000, 10000),
(20000, 1, '2018-05-17 00:00:00', 1260, '20180517174005', 'May', NULL, 'ben', '2018-05-17', 'ben', '2018-05-17', '123', '27', 0, 0, 10000),
(20000, 1, '2018-05-17 00:00:00', 1261, '20180517174014', 'May', NULL, 'ben', '2018-05-17', 'ben', '2018-05-17', '123', '27', 0, 0, 10000),
(20000, 1, '2018-05-17 00:00:00', 1262, '20180517174025', 'May', NULL, 'ben', '2018-05-17', 'ben', '2018-05-17', '123', '27', 0.1, 2000, 10000),
(20000, 1, '2018-05-17 00:00:00', 1263, '20180517174049', 'May', NULL, 'ben', '2018-05-17', 'ben', '2018-05-17', '123', '27', 0, 0, 10000),
(20000, 1, '2018-05-17 00:00:00', 1264, '20180517174058', 'May', NULL, 'ben', '2018-05-17', 'ben', '2018-05-17', '123', '27', 0, 0, 10000),
(20000, 1, '2018-05-17 00:00:00', 1265, '20180517174106', 'May', NULL, 'ben', '2018-05-17', 'ben', '2018-05-17', '123', '27', 0.1, 2000, 10000),
(20000, 1, '2018-05-17 00:00:00', 1266, '20180517174112', 'May', NULL, 'ben', '2018-05-17', 'ben', '2018-05-17', '123', '27', 0, 0, 10000),
(20000, 1, '2018-05-17 00:00:00', 1267, '20180517174122', 'May', NULL, 'ben', '2018-05-17', 'ben', '2018-05-17', '123', '27', 0.1, 2000, 10000),
(20000, 1, '2018-05-17 00:00:00', 1268, '20180517174132', 'May', NULL, 'ben', '2018-05-17', 'ben', '2018-05-17', '123', '27', 0, 0, 10000),
(20000, 1, '2018-05-17 00:00:00', 1269, '20180517174336', 'May', NULL, 'ben', '2018-05-17', 'ben', '2018-05-17', '123', '27', 0, 0, 10000),
(20000, 1, '2018-05-17 00:00:00', 1270, '20180517224311', 'May', NULL, 'ben', '2018-05-17', 'ben', '2018-05-17', '123', '27', 0, 0, 10000),
(20000, 1, '2018-05-17 00:00:00', 1271, '20180517224648', 'May', NULL, 'ben', '2018-05-17', 'ben', '2018-05-17', '123', '27', 0, 0, 10000),
(20000, 1, '2018-05-17 00:00:00', 1272, '20180517224656', 'May', NULL, 'ben', '2018-05-17', 'ben', '2018-05-17', '123', '27', 0.1, 2000, 10000),
(20000, 1, '2018-05-17 00:00:00', 1273, '20180517224705', 'May', NULL, 'ben', '2018-05-17', 'ben', '2018-05-17', '123', '27', 0, 0, 10000),
(20000, 1, '2018-05-17 00:00:00', 1274, '20180517224716', 'May', NULL, 'ben', '2018-05-17', 'ben', '2018-05-17', '123', '27', 0, 0, 10000),
(20000, 1, '2018-05-17 00:00:00', 1275, '20180517224728', 'May', NULL, 'ben', '2018-05-17', 'ben', '2018-05-17', '123', '27', 0.1, 2000, 10000),
(20000, 1, '2018-05-17 00:00:00', 1276, '20180517224824', 'May', NULL, 'ben', '2018-05-17', 'ben', '2018-05-17', '123', '27', 0, 0, 10000),
(20000, 1, '2018-05-17 00:00:00', 1277, '20180517225015', 'May', NULL, 'ben', '2018-05-17', 'ben', '2018-05-17', '123', '27', 0, 0, 10000),
(20000, 1, '2018-05-17 00:00:00', 1278, '20180517225015', 'May', NULL, 'ben', '2018-05-17', 'ben', '2018-05-17', '123', '27', 0, 0, 10000),
(20000, 1, '2018-05-17 00:00:00', 1279, '20180517225021', 'May', NULL, 'ben', '2018-05-17', 'ben', '2018-05-17', '123', '27', 0, 0, 10000),
(20000, 1, '2018-05-17 00:00:00', 1280, '20180517225026', 'May', NULL, 'ben', '2018-05-17', 'ben', '2018-05-17', '123', '27', 0, 0, 10000),
(20000, 1, '2018-05-17 00:00:00', 1281, '20180517225032', 'May', NULL, 'ben', '2018-05-17', 'ben', '2018-05-17', '123', '27', 0, 0, 10000),
(20000, 1, '2018-05-17 00:00:00', 1282, '20180517230806', 'May', NULL, 'ben', '2018-05-17', 'ben', '2018-05-17', '123', '27', 0, 0, 10000),
(20000, 1, '2018-05-17 00:00:00', 1283, '20180517230838', 'May', NULL, 'ben', '2018-05-17', 'ben', '2018-05-17', '123', '27', 0, 0, 10000),
(20000, 1, '2018-05-17 00:00:00', 1284, '20180517231035', 'May', NULL, 'ben', '2018-05-17', 'ben', '2018-05-17', '123', '27', 0, 0, 10000),
(20000, 1, '2018-05-17 00:00:00', 1285, '20180517231046', 'May', NULL, 'ben', '2018-05-17', 'ben', '2018-05-17', '123', '27', 0, 0, 10000),
(20000, 1, '2018-05-17 00:00:00', 1286, '20180517231053', 'May', NULL, 'ben', '2018-05-17', 'ben', '2018-05-17', '123', '27', 0, 0, 10000),
(20000, 1, '2018-05-17 00:00:00', 1287, '20180517231059', 'May', NULL, 'ben', '2018-05-17', 'ben', '2018-05-17', '123', '27', 0, 0, 10000),
(20000, 1, '2018-05-17 00:00:00', 1288, '20180517231118', 'May', NULL, 'ben', '2018-05-17', 'ben', '2018-05-17', '123', '27', 0, 0, 10000),
(20000, 1, '2018-05-17 00:00:00', 1289, '20180517231133', 'May', NULL, 'ben', '2018-05-17', 'ben', '2018-05-17', '123', '27', 0, 0, 10000),
(20000, 1, '2018-05-17 00:00:00', 1290, '20180517231139', 'May', NULL, 'ben', '2018-05-17', 'ben', '2018-05-17', '123', '27', 0, 0, 10000),
(20000, 2, '2018-05-17 00:00:00', 1291, '20180517231145', 'May', NULL, 'ben', '2018-05-17', 'ben', '2018-05-17', '123', '27', 0, 0, 10000),
(20000, 1, '2018-05-17 00:00:00', 1292, '20180517231219', 'May', NULL, 'ben', '2018-05-17', 'ben', '2018-05-17', '123', '27', 0, 0, 10000),
(20000, 1, '2018-05-17 00:00:00', 1293, '20180517231707', 'May', NULL, 'ben', '2018-05-17', 'ben', '2018-05-17', '123', '27', 0, 0, 10000),
(20000, 1, '2018-05-17 00:00:00', 1294, '20180517231715', 'May', NULL, 'ben', '2018-05-17', 'ben', '2018-05-17', '123', '27', 0, 0, 10000),
(20000, 1, '2018-05-17 00:00:00', 1295, '20180517232047', 'May', NULL, 'ben', '2018-05-17', 'ben', '2018-05-17', '123', '27', 0, 0, 10000),
(20000, 1, '2018-05-17 00:00:00', 1296, '20180517232741', 'May', NULL, 'ben', '2018-05-17', 'ben', '2018-05-17', '123', '27', 0, 0, 10000),
(20000, 1, '2018-05-17 00:00:00', 1297, '20180517232752', 'May', NULL, 'ben', '2018-05-17', 'ben', '2018-05-17', '123', '27', 0, 0, 10000),
(20000, 1, '2018-05-17 00:00:00', 1298, '20180517232828', 'May', NULL, 'ben', '2018-05-17', 'ben', '2018-05-17', '123', '27', 0.1, 2000, 10000),
(20000, 1, '2018-05-17 00:00:00', 1299, '20180517232838', 'May', NULL, 'ben', '2018-05-17', 'ben', '2018-05-17', '123', '27', 0, 0, 10000),
(20000, 1, '2018-05-17 00:00:00', 1300, '20180517232906', 'May', NULL, 'ben', '2018-05-17', 'ben', '2018-05-17', '123', '27', 0, 0, 10000),
(20000, 1, '2018-05-17 00:00:00', 1301, '20180517232916', 'May', NULL, 'ben', '2018-05-17', 'ben', '2018-05-17', '123', '27', 0, 0, 10000),
(20000, 1, '2018-05-17 00:00:00', 1302, '20180517232923', 'May', NULL, 'ben', '2018-05-17', 'ben', '2018-05-17', '123', '27', 0.1, 2000, 10000),
(20000, 1, '2018-05-17 00:00:00', 1303, '20180517232934', 'May', NULL, 'ben', '2018-05-17', 'ben', '2018-05-17', '123', '27', 0.1, 2000, 10000),
(20000, 1, '2018-05-17 00:00:00', 1304, '20180517233652', 'May', NULL, 'ben', '2018-05-17', 'ben', '2018-05-17', '123', '27', 0, 0, 10000),
(20000, 1, '2018-05-17 00:00:00', 1305, '20180517233704', 'May', NULL, 'ben', '2018-05-17', 'ben', '2018-05-17', '123', '27', 0, 0, 10000),
(20000, 1, '2018-05-17 00:00:00', 1306, '20180517233711', 'May', NULL, 'ben', '2018-05-17', 'ben', '2018-05-17', '123', '27', 0.1, 2000, 10000),
(20000, 1, '2018-05-17 00:00:00', 1307, '20180517233721', 'May', NULL, 'ben', '2018-05-17', 'ben', '2018-05-17', '123', '27', 0.1, 2000, 10000),
(20000, 1, '2018-05-18 00:00:00', 1308, '20180518000314', 'May', NULL, 'ben', '2018-05-18', 'ben', '2018-05-18', '123', '27', 0, 0, 10000),
(20000, 1, '2018-05-18 00:00:00', 1309, '20180518000324', 'May', NULL, 'ben', '2018-05-18', 'ben', '2018-05-18', '123', '27', 0, 0, 10000),
(20000, 1, '2018-05-18 00:00:00', 1310, '20180518000332', 'May', NULL, 'ben', '2018-05-18', 'ben', '2018-05-18', '123', '27', 0.1, 2000, 10000),
(20000, 1, '2018-05-18 00:00:00', 1311, '20180518000341', 'May', NULL, 'ben', '2018-05-18', 'ben', '2018-05-18', '123', '27', 0.1, 2000, 10000),
(20000, 1, '2018-05-19 00:00:00', 1312, '20180519145118', 'May', NULL, 'ben', '2018-05-19', 'ben', '2018-05-19', '123', '27', 0, 0, 10000);

-- --------------------------------------------------------

--
-- Table structure for table `invoice_header`
--

CREATE TABLE `invoice_header` (
  `invoice_id` varchar(255) NOT NULL,
  `invoice_number` varchar(255) NOT NULL,
  `invoice_date` date NOT NULL,
  `due_date` date DEFAULT NULL,
  `ledger_id` varchar(255) NOT NULL,
  `discount_amount` int(11) DEFAULT NULL,
  `refund_status` varchar(5) DEFAULT NULL,
  `outstanding_status` varchar(5) DEFAULT NULL,
  `created_by` varchar(255) DEFAULT NULL,
  `created_date` date DEFAULT NULL,
  `last_update_by` varchar(255) DEFAULT NULL,
  `last_update_date` date DEFAULT NULL,
  `payment_method` varchar(255) NOT NULL,
  `customer_name` varchar(255) NOT NULL,
  `amount_due_remaining` int(11) DEFAULT NULL,
  `tax_code` float NOT NULL
) ENGINE=InnoDB DEFAULT CHARSET=latin1;

--
-- Dumping data for table `invoice_header`
--

INSERT INTO `invoice_header` (`invoice_id`, `invoice_number`, `invoice_date`, `due_date`, `ledger_id`, `discount_amount`, `refund_status`, `outstanding_status`, `created_by`, `created_date`, `last_update_by`, `last_update_date`, `payment_method`, `customer_name`, `amount_due_remaining`, `tax_code`) VALUES
('20180516142644', '142644', '2018-05-16', '2018-05-16', '123', 0, 'Yes', 'Paid', 'ben', '2018-05-16', 'ben', '2018-05-16', 'Cash', '', 0, 0),
('20180516142727', '142727', '2018-05-16', '2018-05-16', '123', 0, 'Yes', 'Paid', 'ben', '2018-05-16', 'ben', '2018-05-16', 'Cash', '', 0, 0),
('20180516152847', '152847', '2018-05-16', '2018-05-16', '123', 5000, 'Yes', 'Paid', 'ben', '2018-05-16', 'ben', '2018-05-16', 'Cash', '', 0, 0),
('20180516153814', '153814', '2018-05-16', '2018-05-16', '123', 0, 'Yes', 'Paid', 'ben', '2018-05-16', 'ben', '2018-05-16', 'Cash', '', 0, 0.1),
('20180516154004', '154004', '2018-05-16', '2018-05-16', '123', 0, 'Yes', 'Paid', 'ben', '2018-05-16', 'ben', '2018-05-16', 'Cash', '', 0, 0),
('20180516190914', '190914', '2018-05-16', '2018-05-16', '123', 0, 'Yes', 'Paid', 'ben', '2018-05-16', 'ben', '2018-05-16', 'Cash', '', 0, 0),
('20180517150828', '150828', '2018-05-17', '2018-05-17', '123', 0, 'Yes', 'Paid', 'ben', '2018-05-17', 'ben', '2018-05-17', 'Cash', '', 0, 0),
('20180517153055', '153055', '2018-05-17', '2018-05-17', '123', 0, 'Yes', 'Paid', 'ben', '2018-05-17', 'ben', '2018-05-17', 'Cash', '', 0, 0),
('20180517153300', '153300', '2018-05-17', '2018-05-17', '123', 0, 'Yes', 'Paid', 'ben', '2018-05-17', 'ben', '2018-05-17', 'Cash', '', 0, 0),
('20180517153426', '153426', '2018-05-17', '2018-05-17', '123', 0, 'Yes', 'Paid', 'ben', '2018-05-17', 'ben', '2018-05-17', 'Cash', '', 0, 0),
('20180517153938', '153938', '2018-05-17', '2018-05-17', '123', 0, 'Yes', 'Paid', 'ben', '2018-05-17', 'ben', '2018-05-17', 'Cash', '', 0, 0),
('20180517172741', '172741', '2018-05-17', '2018-05-17', '123', 0, 'Yes', 'Paid', 'ben', '2018-05-17', 'ben', '2018-05-17', 'Cash', '', 0, 0),
('20180517172811', '172811', '2018-05-17', '2018-05-17', '123', 0, 'Yes', 'Paid', 'ben', '2018-05-17', 'ben', '2018-05-17', 'Cash', '', 0, 0),
('20180517173001', '173001', '2018-05-17', '2018-05-17', '123', 0, 'Yes', 'Paid', 'ben', '2018-05-17', 'ben', '2018-05-17', 'Cash', '', 0, 0),
('20180517173112', '173112', '2018-05-17', '1970-01-01', '123', 0, 'Yes', 'Paid', 'ben', '2018-05-17', 'ben', '2018-05-17', '', '', 0, 0),
('20180517173157', '173157', '2018-05-17', '2018-05-17', '123', 0, 'Yes', 'Paid', 'ben', '2018-05-17', 'ben', '2018-05-17', 'Cash', '', 0, 0),
('20180517173220', '173220', '2018-05-17', '2018-05-17', '123', 0, 'Yes', 'Paid', 'ben', '2018-05-17', 'ben', '2018-05-17', 'Cash', '', 0, 0),
('20180517173325', '173325', '2018-05-17', '2018-05-17', '123', 0, 'Yes', 'Paid', 'ben', '2018-05-17', 'ben', '2018-05-17', 'Cash', '', 0, 0),
('20180517173605', '173605', '2018-05-17', '2018-05-17', '123', 0, 'Yes', 'Paid', 'ben', '2018-05-17', 'ben', '2018-05-17', 'Cash', '', 0, 0),
('20180517173613', '173613', '2018-05-17', '2018-05-17', '123', 0, 'Yes', 'Paid', 'ben', '2018-05-17', 'ben', '2018-05-17', 'Cash', '', 0, 0),
('20180517173620', '173620', '2018-05-17', '2018-05-17', '123', 0, 'Yes', 'Paid', 'ben', '2018-05-17', 'ben', '2018-05-17', 'Cash', '', 0, 0),
('20180517173652', '173652', '2018-05-17', '2018-05-17', '123', 0, 'Yes', 'Paid', 'ben', '2018-05-17', 'ben', '2018-05-17', 'Cash', '', 0, 0),
('20180517173850', '173850', '2018-05-17', '2018-05-17', '123', 0, 'Yes', 'Paid', 'ben', '2018-05-17', 'ben', '2018-05-17', 'Cash', '', 0, 0),
('20180517173857', '173857', '2018-05-17', '2018-05-17', '123', 0, 'Yes', 'Paid', 'ben', '2018-05-17', 'ben', '2018-05-17', 'Cash', '', 0, 0),
('20180517173926', '173926', '2018-05-17', '2018-05-17', '123', 0, 'Yes', 'Paid', 'ben', '2018-05-17', 'ben', '2018-05-17', 'Cash', '', 0, 0.1),
('20180517174005', '174005', '2018-05-17', '2018-05-17', '123', 0, 'Yes', 'Paid', 'ben', '2018-05-17', 'ben', '2018-05-17', 'Cash', '', 0, 0),
('20180517174014', '174014', '2018-05-17', '2018-05-17', '123', 5000, 'Yes', 'Paid', 'ben', '2018-05-17', 'ben', '2018-05-17', 'Cash', '', 0, 0),
('20180517174025', '174025', '2018-05-17', '2018-05-17', '123', 5000, 'Yes', 'Paid', 'ben', '2018-05-17', 'ben', '2018-05-17', 'Cash', '', 0, 0.1),
('20180517174049', '174049', '2018-05-17', '2018-05-17', '123', 0, 'Yes', 'Paid', 'ben', '2018-05-17', 'ben', '2018-05-17', 'Cash', '', 0, 0),
('20180517174058', '174058', '2018-05-17', '2018-05-17', '123', 5000, 'Yes', 'Paid', 'ben', '2018-05-17', 'ben', '2018-05-17', 'Cash', '', 0, 0),
('20180517174106', '174106', '2018-05-17', '2018-05-17', '123', 0, 'Yes', 'Paid', 'ben', '2018-05-17', 'ben', '2018-05-17', 'Cash', '', 0, 0.1),
('20180517174112', '174112', '2018-05-17', '2018-05-17', '123', 0, 'Yes', 'Paid', 'ben', '2018-05-17', 'ben', '2018-05-17', 'Cash', '', 0, 0),
('20180517174122', '174122', '2018-05-17', '2018-05-17', '123', 5000, 'No', 'Paid', 'ben', '2018-05-17', 'ben', '2018-05-17', 'Cash', '', 0, 0.1),
('20180517174132', '174132', '2018-05-17', '2018-05-17', '123', 5000, 'No', 'Paid', 'ben', '2018-05-17', 'ben', '2018-05-17', 'Cash', '', 0, 0),
('20180517174336', '174336', '2018-05-17', '2018-05-17', '123', 0, 'No', 'Paid', 'ben', '2018-05-17', 'ben', '2018-05-17', 'Cash', '', 0, 0),
('20180517224648', '224648', '2018-05-17', '2018-05-17', '123', 0, 'No', 'Paid', 'ben', '2018-05-17', 'ben', '2018-05-17', 'Cash', '', 0, 0),
('20180517224656', '224656', '2018-05-17', '2018-05-17', '123', 0, 'No', 'Paid', 'ben', '2018-05-17', 'ben', '2018-05-17', 'Cash', '', 0, 0.1),
('20180517224705', '224705', '2018-05-17', '2018-05-17', '123', 0, 'No', 'Paid', 'ben', '2018-05-17', 'ben', '2018-05-17', 'Cash', '', 0, 0),
('20180517224716', '224716', '2018-05-17', '2018-05-17', '123', 5000, 'No', 'Paid', 'ben', '2018-05-17', 'ben', '2018-05-17', 'Cash', '', 0, 0),
('20180517224728', '224728', '2018-05-17', '2018-05-17', '123', 5000, 'Yes', 'Paid', 'ben', '2018-05-17', 'ben', '2018-05-17', 'Cash', '', 0, 0.1),
('20180517224824', '224824', '2018-05-17', '2018-05-17', '123', 0, 'No', 'Paid', 'ben', '2018-05-17', 'ben', '2018-05-17', 'Cash', '', 0, 0),
('20180517225015', '225015', '2018-05-17', '2018-05-17', '123', 0, 'No', 'Paid', 'ben', '2018-05-17', 'ben', '2018-05-17', 'Cash', '', 0, 0),
('20180517225021', '225021', '2018-05-17', '2018-05-17', '123', 0, 'No', 'Paid', 'ben', '2018-05-17', 'ben', '2018-05-17', 'Cash', '', 0, 0),
('20180517225026', '225026', '2018-05-17', '2018-05-17', '123', 0, 'No', 'Paid', 'ben', '2018-05-17', 'ben', '2018-05-17', 'Cash', '', 0, 0),
('20180517225032', '225032', '2018-05-17', '2018-05-17', '123', 0, 'No', 'Open', 'ben', '2018-05-17', 'ben', '2018-05-17', 'Cash', '', -515151, 0),
('20180517230806', '230806', '2018-05-17', '2018-05-17', '123', 0, 'No', 'Paid', 'ben', '2018-05-17', 'ben', '2018-05-17', 'Cash', '', 0, 0),
('20180517230838', '230838', '2018-05-17', '1970-01-01', '123', 0, 'No', 'Open', 'ben', '2018-05-17', 'ben', '2018-05-17', '', '', 20000, 0),
('20180517231035', '231035', '2018-05-17', '2018-05-17', '123', 0, 'No', 'Paid', 'ben', '2018-05-17', 'ben', '2018-05-17', 'Cash', '', 0, 0),
('20180517231046', '231046', '2018-05-17', '2018-05-17', '123', 0, 'No', 'Paid', 'ben', '2018-05-17', 'ben', '2018-05-17', 'Cash', '', 0, 0),
('20180517231053', '231053', '2018-05-17', '2018-05-17', '123', 0, 'No', 'Paid', 'ben', '2018-05-17', 'ben', '2018-05-17', 'Cash', '', 0, 0),
('20180517231059', '231059', '2018-05-17', '2018-05-17', '123', 0, 'No', 'Paid', 'ben', '2018-05-17', 'ben', '2018-05-17', 'Cash', '', 0, 0),
('20180517231118', '231118', '2018-05-17', '2018-05-17', '123', 0, 'No', 'Paid', 'ben', '2018-05-17', 'ben', '2018-05-17', 'Cash', '', 0, 0),
('20180517231133', '231133', '2018-05-17', '2018-05-17', '123', 0, 'No', 'Paid', 'ben', '2018-05-17', 'ben', '2018-05-17', 'Cash', '', 0, 0),
('20180517231139', '231139', '2018-05-17', '2018-05-17', '123', 0, 'No', 'Paid', 'ben', '2018-05-17', 'ben', '2018-05-17', 'Cash', '', 0, 0),
('20180517231145', '231145', '2018-05-17', '2018-05-17', '123', 0, 'No', 'Paid', 'ben', '2018-05-17', 'ben', '2018-05-17', 'Cash', '', 0, 0),
('20180517231219', '231219', '2018-05-17', '2018-05-17', '123', 0, 'No', 'Paid', 'ben', '2018-05-17', 'ben', '2018-05-17', 'Cash', '', 0, 0),
('20180517231707', '231707', '2018-05-17', '2018-05-17', '123', 0, 'No', 'Paid', 'ben', '2018-05-17', 'ben', '2018-05-17', 'Cash', '', 0, 0),
('20180517231715', '231715', '2018-05-17', '2018-05-17', '123', 0, 'No', 'Paid', 'ben', '2018-05-17', 'ben', '2018-05-17', 'Cash', '', 0, 0),
('20180517232047', '232047', '2018-05-17', '2018-05-17', '123', 0, 'No', 'Paid', 'ben', '2018-05-17', 'ben', '2018-05-17', 'Cash', '', 0, 0),
('20180517232741', '232741', '2018-05-17', '2018-05-17', '123', 0, 'No', 'Paid', 'ben', '2018-05-17', 'ben', '2018-05-17', 'Cash', '', 0, 0),
('20180517232752', '232752', '2018-05-17', '2018-05-17', '123', 0, 'No', 'Paid', 'ben', '2018-05-17', 'ben', '2018-05-17', 'Cash', '', 0, 0),
('20180517232828', '232828', '2018-05-17', '2018-05-17', '123', 0, 'No', 'Paid', 'ben', '2018-05-17', 'ben', '2018-05-17', 'Cash', '', 0, 0.1),
('20180517232838', '232838', '2018-05-17', '2018-05-17', '123', 0, 'No', 'Paid', 'ben', '2018-05-17', 'ben', '2018-05-17', 'Cash', '', 0, 0),
('20180517232906', '232906', '2018-05-17', '2018-05-17', '123', 0, 'No', 'Paid', 'ben', '2018-05-17', 'ben', '2018-05-17', 'Cash', '', 0, 0),
('20180517232916', '232916', '2018-05-17', '2018-05-17', '123', 5000, 'No', 'Paid', 'ben', '2018-05-17', 'ben', '2018-05-17', 'Cash', '', 0, 0),
('20180517232923', '232923', '2018-05-17', '2018-05-17', '123', 0, 'No', 'Paid', 'ben', '2018-05-17', 'ben', '2018-05-17', 'Cash', '', 0, 0.1),
('20180517232934', '232934', '2018-05-17', '2018-05-17', '123', 5000, 'No', 'Paid', 'ben', '2018-05-17', 'ben', '2018-05-17', 'Cash', '', 0, 0.1),
('20180517233652', '233652', '2018-05-17', '2018-05-17', '123', 0, 'No', 'Paid', 'ben', '2018-05-17', 'ben', '2018-05-17', 'Cash', '', 0, 0),
('20180517233704', '233704', '2018-05-17', '2018-05-17', '123', 5000, 'No', 'Paid', 'ben', '2018-05-17', 'ben', '2018-05-17', 'Cash', '', 0, 0),
('20180517233711', '233711', '2018-05-17', '2018-05-17', '123', 0, 'No', 'Paid', 'ben', '2018-05-17', 'ben', '2018-05-17', 'Cash', '', 0, 0.1),
('20180517233721', '233721', '2018-05-17', '2018-05-17', '123', 5000, 'No', 'Paid', 'ben', '2018-05-17', 'ben', '2018-05-17', 'Cash', '', 0, 0.1),
('20180518000314', '000314', '2018-05-18', '2018-05-18', '123', 0, 'No', 'Paid', 'ben', '2018-05-18', 'ben', '2018-05-18', 'Cash', '', 0, 0),
('20180518000324', '000324', '2018-05-18', '2018-05-18', '123', 5000, 'No', 'Paid', 'ben', '2018-05-18', 'ben', '2018-05-18', 'Cash', '', 0, 0),
('20180518000332', '000332', '2018-05-18', '2018-05-18', '123', 0, 'Yes', 'Paid', 'ben', '2018-05-18', 'ben', '2018-05-18', 'Cash', '', 0, 0.1),
('20180518000341', '000341', '2018-05-18', '2018-05-18', '123', 5000, 'Yes', 'Paid', 'ben', '2018-05-18', 'ben', '2018-05-18', 'Cash', '', 0, 0.1),
('20180519145118', '145118', '2018-05-19', '2018-05-19', '123', 0, 'No', 'Paid', 'ben', '2018-05-19', 'ben', '2018-05-19', 'Cash', '', 0, 0);

-- --------------------------------------------------------

--
-- Table structure for table `material_transaction`
--

CREATE TABLE `material_transaction` (
  `transaction_id` int(255) NOT NULL,
  `inventory_item_id` int(20) NOT NULL,
  `ledger_id` varchar(255) NOT NULL,
  `qty` int(20) NOT NULL,
  `description` varchar(255) DEFAULT NULL,
  `created_by` varchar(255) DEFAULT NULL,
  `created_date` date DEFAULT NULL,
  `last_update_by` varchar(255) DEFAULT NULL,
  `last_update_date` date DEFAULT NULL,
  `transaction_date` timestamp NOT NULL DEFAULT CURRENT_TIMESTAMP ON UPDATE CURRENT_TIMESTAMP,
  `type` varchar(255) NOT NULL
) ENGINE=InnoDB DEFAULT CHARSET=latin1;

--
-- Dumping data for table `material_transaction`
--

INSERT INTO `material_transaction` (`transaction_id`, `inventory_item_id`, `ledger_id`, `qty`, `description`, `created_by`, `created_date`, `last_update_by`, `last_update_date`, `transaction_date`, `type`) VALUES
(125, 36, '123', -1, NULL, 'ben', '2018-04-24', 'ben', '2018-04-24', '2018-04-23 17:00:00', 'Penjualan'),
(126, 45, '123', -1, NULL, 'ben', '2018-04-24', 'ben', '2018-04-24', '2018-04-23 17:00:00', 'Penjualan'),
(127, 38, '123', -1, NULL, 'ben', '2018-04-24', 'ben', '2018-04-24', '2018-04-23 17:00:00', 'Penjualan'),
(128, 37, '123', -1, NULL, 'ben', '2018-04-24', 'ben', '2018-04-24', '2018-04-23 17:00:00', 'Penjualan'),
(129, 27, '123', -1, NULL, 'ben', '2018-04-24', 'ben', '2018-04-24', '2018-04-23 17:00:00', 'Penjualan'),
(130, 45, '123', -1, NULL, 'ben', '2018-04-24', 'ben', '2018-04-24', '2018-04-23 17:00:00', 'Penjualan'),
(131, 36, '123', -1, NULL, 'ben', '2018-04-24', 'ben', '2018-04-24', '2018-04-23 17:00:00', 'Penjualan'),
(132, 36, '123', -1, NULL, 'ben', '2018-04-24', 'ben', '2018-04-24', '2018-04-23 17:00:00', 'Penjualan'),
(133, 45, '123', -1, NULL, 'ben', '2018-04-24', 'ben', '2018-04-24', '2018-04-23 17:00:00', 'Penjualan'),
(134, 36, '123', -1, NULL, 'ben', '2018-04-24', 'ben', '2018-04-24', '2018-04-23 17:00:00', 'Penjualan'),
(135, 45, '123', -1, NULL, 'ben', '2018-04-24', 'ben', '2018-04-24', '2018-04-23 17:00:00', 'Penjualan'),
(136, 36, '123', -1, NULL, 'ben', '2018-04-24', 'ben', '2018-04-24', '2018-04-23 17:00:00', 'Penjualan'),
(137, 45, '123', -1, NULL, 'ben', '2018-04-24', 'ben', '2018-04-24', '2018-04-23 17:00:00', 'Penjualan'),
(138, 36, '123', -1, NULL, 'ben', '2018-04-24', 'ben', '2018-04-24', '2018-04-23 17:00:00', 'Penjualan'),
(139, 45, '123', -1, NULL, 'ben', '2018-04-24', 'ben', '2018-04-24', '2018-04-23 17:00:00', 'Penjualan'),
(140, 36, '123', -1, NULL, 'ben', '2018-04-24', 'ben', '2018-04-24', '2018-04-23 17:00:00', 'Penjualan'),
(141, 45, '123', -1, NULL, 'ben', '2018-04-24', 'ben', '2018-04-24', '2018-04-23 17:00:00', 'Penjualan'),
(142, 38, '123', -1, NULL, 'ben', '2018-04-24', 'ben', '2018-04-24', '2018-04-23 17:00:00', 'Penjualan'),
(143, 38, '123', -1, NULL, 'ben', '2018-04-24', 'ben', '2018-04-24', '2018-04-23 17:00:00', 'Penjualan'),
(144, 37, '123', -1, NULL, 'ben', '2018-04-24', 'ben', '2018-04-24', '2018-04-23 17:00:00', 'Penjualan'),
(145, 38, '123', -1, NULL, 'ben', '2018-04-24', 'ben', '2018-04-24', '2018-04-23 17:00:00', 'Penjualan'),
(146, 37, '123', -1, NULL, 'ben', '2018-04-24', 'ben', '2018-04-24', '2018-04-23 17:00:00', 'Penjualan'),
(147, 38, '123', -1, NULL, 'ben', '2018-04-24', 'ben', '2018-04-24', '2018-04-23 17:00:00', 'Penjualan'),
(148, 37, '123', -1, NULL, 'ben', '2018-04-24', 'ben', '2018-04-24', '2018-04-23 17:00:00', 'Penjualan'),
(149, 38, '123', 1, 'Refund Invoice:20180424232550', 'ben', '2018-04-24', 'ben', '2018-04-24', '2018-04-23 17:00:00', 'Refund'),
(150, 37, '123', 1, 'Refund Invoice:20180424232550', 'ben', '2018-04-24', 'ben', '2018-04-24', '2018-04-23 17:00:00', 'Refund'),
(151, 38, '123', 10, '', 'ben', '2018-04-24', 'ben', '0000-00-00', '2018-04-23 17:00:00', 'Adjustment'),
(152, 37, '123', 10, '', 'ben', '2018-04-24', 'ben', '0000-00-00', '2018-04-23 17:00:00', 'Adjustment'),
(153, 38, '123', -6, NULL, 'ben', '2018-04-24', 'ben', '2018-04-24', '2018-04-23 17:00:00', 'Penjualan'),
(154, 37, '123', -7, NULL, 'ben', '2018-04-24', 'ben', '2018-04-24', '2018-04-23 17:00:00', 'Penjualan'),
(155, 27, '123', -1, NULL, 'Ben', '2018-04-26', 'Ben', '2018-04-26', '2018-04-25 17:00:00', 'Penjualan'),
(156, 27, '123', -1, NULL, 'ben', '2018-04-26', 'ben', '2018-04-26', '2018-04-25 17:00:00', 'Penjualan'),
(157, 27, '123', -1, NULL, 'ben', '2018-04-26', 'ben', '2018-04-26', '2018-04-25 17:00:00', 'Penjualan'),
(158, 27, '123', -1, NULL, 'ben', '2018-04-26', 'ben', '2018-04-26', '2018-04-25 17:00:00', 'Penjualan'),
(159, 27, '123', -1, NULL, 'ben', '2018-04-26', 'ben', '2018-04-26', '2018-04-25 17:00:00', 'Penjualan'),
(160, 27, '123', -1, NULL, 'ben', '2018-04-26', 'ben', '2018-04-26', '2018-04-25 17:00:00', 'Penjualan'),
(161, 27, '123', -1, NULL, 'ben', '2018-04-26', 'ben', '2018-04-26', '2018-04-25 17:00:00', 'Penjualan'),
(162, 68, '123', -1, NULL, 'ben', '2018-05-13', 'ben', '2018-05-13', '2018-05-12 17:00:00', 'Penjualan'),
(163, 68, '123', 100, 'opbal', 'ben', '2018-05-13', 'ben', '0000-00-00', '2018-05-12 17:00:00', 'Adjustment'),
(164, 68, '123', -1, NULL, 'ben', '2018-05-13', 'ben', '2018-05-13', '2018-05-12 17:00:00', 'Penjualan'),
(165, 68, '123', -1, NULL, 'ben', '2018-05-13', 'ben', '2018-05-13', '2018-05-12 17:00:00', 'Penjualan'),
(166, 68, '123', -1, NULL, 'ben', '2018-05-13', 'ben', '2018-05-13', '2018-05-12 17:00:00', 'Penjualan'),
(167, 68, '123', -1, NULL, 'ben', '2018-05-13', 'ben', '2018-05-13', '2018-05-12 17:00:00', 'Penjualan'),
(168, 68, '123', -1, NULL, 'ben', '2018-05-13', 'ben', '2018-05-13', '2018-05-12 17:00:00', 'Penjualan'),
(169, 68, '123', -1, NULL, 'ben', '2018-05-13', 'ben', '2018-05-13', '2018-05-12 17:00:00', 'Penjualan'),
(170, 68, '123', -1, NULL, 'ben', '2018-05-13', 'ben', '2018-05-13', '2018-05-12 17:00:00', 'Penjualan'),
(171, 68, '123', -1, NULL, 'ben', '2018-05-13', 'ben', '2018-05-13', '2018-05-12 17:00:00', 'Penjualan'),
(172, 68, '123', -1, NULL, 'ben', '2018-05-13', 'ben', '2018-05-13', '2018-05-12 17:00:00', 'Penjualan'),
(173, 68, '123', -1, NULL, 'ben', '2018-05-13', 'ben', '2018-05-13', '2018-05-12 17:00:00', 'Penjualan'),
(174, 68, '123', -2, NULL, 'ben', '2018-05-13', 'ben', '2018-05-13', '2018-05-12 17:00:00', 'Penjualan'),
(175, 92, '05141141', -1, NULL, '123', '2018-05-14', '123', '2018-05-14', '2018-05-13 17:00:00', 'Penjualan'),
(176, 27, '123', -1, NULL, 'ben', '2018-05-14', 'ben', '2018-05-14', '2018-05-13 17:00:00', 'Penjualan'),
(177, 27, '123', 1, '', 'ben', '2018-05-14', 'ben', '0000-00-00', '2018-05-13 17:00:00', 'Adjustment'),
(178, 27, '123', 100, '', 'ben', '2018-05-14', 'ben', '0000-00-00', '2018-05-13 17:00:00', 'Adjustment'),
(179, 27, '123', -1, NULL, 'ben', '2018-05-14', 'ben', '2018-05-14', '2018-05-13 17:00:00', 'Penjualan'),
(180, 27, '123', -1, NULL, 'ben', '2018-05-14', 'ben', '2018-05-14', '2018-05-13 17:00:00', 'Penjualan'),
(181, 27, '123', -1, NULL, 'ben', '2018-05-14', 'ben', '2018-05-14', '2018-05-13 17:00:00', 'Penjualan'),
(182, 27, '123', 1, 'asd', 'ben', '2018-05-14', 'ben', '0000-00-00', '2018-05-13 17:00:00', 'Adjustment'),
(183, 27, '123', 1, 'Refund Invoice:20180514201301', 'ben', '2018-05-14', 'ben', '2018-05-14', '2018-05-13 17:00:00', 'Refund'),
(184, 27, '123', -1, NULL, 'ben', '2018-05-14', 'ben', '2018-05-14', '2018-05-13 17:00:00', 'Penjualan'),
(185, 27, '123', -1, NULL, 'ben', '2018-05-14', 'ben', '2018-05-14', '2018-05-13 17:00:00', 'Penjualan'),
(186, 27, '123', -1, NULL, 'ben', '2018-05-14', 'ben', '2018-05-14', '2018-05-13 17:00:00', 'Penjualan'),
(187, 27, '123', -1, NULL, 'ben', '2018-05-14', 'ben', '2018-05-14', '2018-05-13 17:00:00', 'Penjualan'),
(188, 27, '123', -1, NULL, 'ben', '2018-05-14', 'ben', '2018-05-14', '2018-05-13 17:00:00', 'Penjualan'),
(189, 27, '123', -1, NULL, 'ben', '2018-05-15', 'ben', '2018-05-15', '2018-05-14 17:00:00', 'Penjualan'),
(190, 27, '123', -1, NULL, 'ben', '2018-05-15', 'ben', '2018-05-15', '2018-05-14 17:00:00', 'Penjualan'),
(191, 27, '123', -1, NULL, 'ben', '2018-05-15', 'ben', '2018-05-15', '2018-05-14 17:00:00', 'Penjualan'),
(192, 27, '123', -1, NULL, 'ben', '2018-05-15', 'ben', '2018-05-15', '2018-05-14 17:00:00', 'Penjualan'),
(193, 27, '123', -1, NULL, 'ben', '2018-05-15', 'ben', '2018-05-15', '2018-05-14 17:00:00', 'Penjualan'),
(194, 27, '123', -1, NULL, 'ben', '2018-05-15', 'ben', '2018-05-15', '2018-05-14 17:00:00', 'Penjualan'),
(195, 27, '123', -1, NULL, 'ben', '2018-05-15', 'ben', '2018-05-15', '2018-05-14 17:00:00', 'Penjualan'),
(196, 27, '123', -1, NULL, 'ben', '2018-05-15', 'ben', '2018-05-15', '2018-05-14 17:00:00', 'Penjualan'),
(197, 27, '123', -1, NULL, 'ben', '2018-05-15', 'ben', '2018-05-15', '2018-05-14 17:00:00', 'Penjualan'),
(198, 27, '123', -1, NULL, 'ben', '2018-05-15', 'ben', '2018-05-15', '2018-05-14 17:00:00', 'Penjualan'),
(199, 27, '123', -1, NULL, 'ben', '2018-05-15', 'ben', '2018-05-15', '2018-05-14 17:00:00', 'Penjualan'),
(200, 27, '123', -1, NULL, 'ben', '2018-05-15', 'ben', '2018-05-15', '2018-05-14 17:00:00', 'Penjualan'),
(201, 27, '123', -1, NULL, 'ben', '2018-05-15', 'ben', '2018-05-15', '2018-05-14 17:00:00', 'Penjualan'),
(202, 27, '123', -1, NULL, 'ben', '2018-05-15', 'ben', '2018-05-15', '2018-05-14 17:00:00', 'Penjualan'),
(203, 27, '123', -1, NULL, 'ben', '2018-05-15', 'ben', '2018-05-15', '2018-05-14 17:00:00', 'Penjualan'),
(204, 27, '123', -1, NULL, 'ben', '2018-05-15', 'ben', '2018-05-15', '2018-05-14 17:00:00', 'Penjualan'),
(205, 27, '123', -1, NULL, 'ben', '2018-05-15', 'ben', '2018-05-15', '2018-05-14 17:00:00', 'Penjualan'),
(206, 27, '123', -1, NULL, 'ben', '2018-05-15', 'ben', '2018-05-15', '2018-05-14 17:00:00', 'Penjualan'),
(207, 27, '123', -1, NULL, 'ben', '2018-05-15', 'ben', '2018-05-15', '2018-05-14 17:00:00', 'Penjualan'),
(208, 27, '123', -1, NULL, 'ben', '2018-05-15', 'ben', '2018-05-15', '2018-05-14 17:00:00', 'Penjualan'),
(209, 27, '123', -1, NULL, 'ben', '2018-05-15', 'ben', '2018-05-15', '2018-05-14 17:00:00', 'Penjualan'),
(210, 27, '123', -1, NULL, 'ben', '2018-05-15', 'ben', '2018-05-15', '2018-05-14 17:00:00', 'Penjualan'),
(211, 27, '123', -1, NULL, 'ben', '2018-05-15', 'ben', '2018-05-15', '2018-05-14 17:00:00', 'Penjualan'),
(212, 27, '123', -1, NULL, 'ben', '2018-05-15', 'ben', '2018-05-15', '2018-05-14 17:00:00', 'Penjualan'),
(213, 27, '123', -1, NULL, 'ben', '2018-05-15', 'ben', '2018-05-15', '2018-05-14 17:00:00', 'Penjualan'),
(214, 27, '123', -1, NULL, 'ben', '2018-05-15', 'ben', '2018-05-15', '2018-05-14 17:00:00', 'Penjualan'),
(215, 27, '123', -1, NULL, 'ben', '2018-05-15', 'ben', '2018-05-15', '2018-05-14 17:00:00', 'Penjualan'),
(216, 37, '123', 10, '', 'ben', '2018-05-15', 'ben', '0000-00-00', '2018-05-14 17:00:00', 'Adjustment'),
(217, 37, '123', -1, NULL, 'ben', '2018-05-15', 'ben', '2018-05-15', '2018-05-14 17:00:00', 'Penjualan'),
(218, 37, '123', -1, NULL, 'ben', '2018-05-15', 'ben', '2018-05-15', '2018-05-14 17:00:00', 'Penjualan'),
(219, 27, '123', -1, NULL, 'ben', '2018-05-15', 'ben', '2018-05-15', '2018-05-14 17:00:00', 'Penjualan'),
(220, 37, '123', -1, NULL, 'ben', '2018-05-15', 'ben', '2018-05-15', '2018-05-14 17:00:00', 'Penjualan'),
(221, 27, '123', -1, NULL, 'ben', '2018-05-15', 'ben', '2018-05-15', '2018-05-14 17:00:00', 'Penjualan'),
(222, 37, '123', -1, NULL, 'ben', '2018-05-15', 'ben', '2018-05-15', '2018-05-14 17:00:00', 'Penjualan'),
(223, 27, '123', -1, NULL, 'ben', '2018-05-15', 'ben', '2018-05-15', '2018-05-14 17:00:00', 'Penjualan'),
(224, 37, '123', -2, NULL, 'ben', '2018-05-15', 'ben', '2018-05-15', '2018-05-14 17:00:00', 'Penjualan'),
(225, 27, '123', -2, NULL, 'ben', '2018-05-15', 'ben', '2018-05-15', '2018-05-14 17:00:00', 'Penjualan'),
(226, 27, '123', -1, NULL, 'ben', '2018-05-15', 'ben', '2018-05-15', '2018-05-14 17:00:00', 'Penjualan'),
(227, 27, '123', -1, NULL, 'ben', '2018-05-15', 'ben', '2018-05-15', '2018-05-14 17:00:00', 'Penjualan'),
(228, 37, '123', -1, NULL, 'ben', '2018-05-15', 'ben', '2018-05-15', '2018-05-14 17:00:00', 'Penjualan'),
(229, 27, '123', -1, NULL, 'ben', '2018-05-15', 'ben', '2018-05-15', '2018-05-14 17:00:00', 'Penjualan'),
(230, 37, '123', -1, NULL, 'ben', '2018-05-15', 'ben', '2018-05-15', '2018-05-14 17:00:00', 'Penjualan'),
(231, 27, '123', -1, NULL, 'ben', '2018-05-15', 'ben', '2018-05-15', '2018-05-14 17:00:00', 'Penjualan'),
(232, 37, '123', -1, NULL, 'ben', '2018-05-15', 'ben', '2018-05-15', '2018-05-14 17:00:00', 'Penjualan'),
(233, 27, '123', -1, NULL, 'ben', '2018-05-15', 'ben', '2018-05-15', '2018-05-14 17:00:00', 'Penjualan'),
(234, 37, '123', -1, NULL, 'ben', '2018-05-15', 'ben', '2018-05-15', '2018-05-14 17:00:00', 'Penjualan'),
(235, 27, '123', -1, NULL, 'ben', '2018-05-15', 'ben', '2018-05-15', '2018-05-14 17:00:00', 'Penjualan'),
(236, 27, '123', -1, NULL, 'ben', '2018-05-15', 'ben', '2018-05-15', '2018-05-14 17:00:00', 'Penjualan'),
(237, 27, '123', -1, NULL, 'ben', '2018-05-15', 'ben', '2018-05-15', '2018-05-14 17:00:00', 'Penjualan'),
(238, 27, '123', -1, NULL, 'ben', '2018-05-15', 'ben', '2018-05-15', '2018-05-14 17:00:00', 'Penjualan'),
(239, 27, '123', -2, NULL, 'ben', '2018-05-15', 'ben', '2018-05-15', '2018-05-14 17:00:00', 'Penjualan'),
(240, 27, '123', -2, NULL, 'ben', '2018-05-15', 'ben', '2018-05-15', '2018-05-14 17:00:00', 'Penjualan'),
(241, 27, '123', -2, NULL, 'ben', '2018-05-15', 'ben', '2018-05-15', '2018-05-14 17:00:00', 'Penjualan'),
(242, 37, '123', 10, '', 'ben', '2018-05-15', 'ben', '0000-00-00', '2018-05-14 17:00:00', 'Adjustment'),
(243, 37, '123', -1, NULL, 'ben', '2018-05-15', 'ben', '2018-05-15', '2018-05-14 17:00:00', 'Penjualan'),
(244, 27, '123', -1, NULL, 'ben', '2018-05-15', 'ben', '2018-05-15', '2018-05-14 17:00:00', 'Penjualan'),
(245, 37, '123', -1, NULL, 'ben', '2018-05-15', 'ben', '2018-05-15', '2018-05-14 17:00:00', 'Penjualan'),
(246, 27, '123', -1, NULL, 'ben', '2018-05-15', 'ben', '2018-05-15', '2018-05-14 17:00:00', 'Penjualan'),
(247, 37, '123', -1, NULL, 'ben', '2018-05-15', 'ben', '2018-05-15', '2018-05-14 17:00:00', 'Penjualan'),
(248, 27, '123', -1, NULL, 'ben', '2018-05-15', 'ben', '2018-05-15', '2018-05-14 17:00:00', 'Penjualan'),
(249, 37, '123', -1, NULL, 'ben', '2018-05-15', 'ben', '2018-05-15', '2018-05-14 17:00:00', 'Penjualan'),
(250, 27, '123', -1, NULL, 'ben', '2018-05-15', 'ben', '2018-05-15', '2018-05-14 17:00:00', 'Penjualan'),
(251, 37, '123', -1, NULL, 'ben', '2018-05-15', 'ben', '2018-05-15', '2018-05-14 17:00:00', 'Penjualan'),
(252, 27, '123', -1, NULL, 'ben', '2018-05-15', 'ben', '2018-05-15', '2018-05-14 17:00:00', 'Penjualan'),
(253, 37, '123', -1, NULL, 'ben', '2018-05-15', 'ben', '2018-05-15', '2018-05-14 17:00:00', 'Penjualan'),
(254, 27, '123', -1, NULL, 'ben', '2018-05-15', 'ben', '2018-05-15', '2018-05-14 17:00:00', 'Penjualan'),
(255, 37, '123', -1, NULL, 'ben', '2018-05-15', 'ben', '2018-05-15', '2018-05-14 17:00:00', 'Penjualan'),
(256, 27, '123', -1, NULL, 'ben', '2018-05-15', 'ben', '2018-05-15', '2018-05-14 17:00:00', 'Penjualan'),
(257, 37, '123', -1, NULL, 'ben', '2018-05-15', 'ben', '2018-05-15', '2018-05-14 17:00:00', 'Penjualan'),
(258, 27, '123', -1, NULL, 'ben', '2018-05-15', 'ben', '2018-05-15', '2018-05-14 17:00:00', 'Penjualan'),
(259, 37, '123', -1, NULL, 'ben', '2018-05-15', 'ben', '2018-05-15', '2018-05-14 17:00:00', 'Penjualan'),
(260, 27, '123', -1, NULL, 'ben', '2018-05-15', 'ben', '2018-05-15', '2018-05-14 17:00:00', 'Penjualan'),
(261, 37, '123', -1, NULL, 'ben', '2018-05-15', 'ben', '2018-05-15', '2018-05-14 17:00:00', 'Penjualan'),
(262, 27, '123', -1, NULL, 'ben', '2018-05-15', 'ben', '2018-05-15', '2018-05-14 17:00:00', 'Penjualan'),
(263, 27, '123', -1, NULL, 'ben', '2018-05-15', 'ben', '2018-05-15', '2018-05-14 17:00:00', 'Penjualan'),
(264, 27, '123', -1, NULL, 'ben', '2018-05-15', 'ben', '2018-05-15', '2018-05-14 17:00:00', 'Penjualan'),
(265, 27, '123', -1, NULL, 'ben', '2018-05-15', 'ben', '2018-05-15', '2018-05-14 17:00:00', 'Penjualan'),
(266, 27, '123', -1, NULL, 'ben', '2018-05-15', 'ben', '2018-05-15', '2018-05-14 17:00:00', 'Penjualan'),
(267, 27, '123', -1, NULL, 'ben', '2018-05-15', 'ben', '2018-05-15', '2018-05-14 17:00:00', 'Penjualan'),
(268, 27, '123', -1, NULL, 'ben', '2018-05-16', 'ben', '2018-05-16', '2018-05-15 17:00:00', 'Penjualan'),
(269, 27, '123', -1, NULL, 'ben', '2018-05-16', 'ben', '2018-05-16', '2018-05-15 17:00:00', 'Penjualan'),
(270, 27, '123', -1, NULL, 'ben', '2018-05-16', 'ben', '2018-05-16', '2018-05-15 17:00:00', 'Penjualan'),
(271, 27, '123', -1, NULL, 'ben', '2018-05-16', 'ben', '2018-05-16', '2018-05-15 17:00:00', 'Penjualan'),
(272, 27, '123', -1, NULL, 'ben', '2018-05-16', 'ben', '2018-05-16', '2018-05-15 17:00:00', 'Penjualan'),
(273, 27, '123', -1, NULL, 'ben', '2018-05-16', 'ben', '2018-05-16', '2018-05-15 17:00:00', 'Penjualan'),
(274, 27, '123', -1, NULL, 'ben', '2018-05-16', 'ben', '2018-05-16', '2018-05-15 17:00:00', 'Penjualan'),
(275, 27, '123', -1, NULL, 'ben', '2018-05-16', 'ben', '2018-05-16', '2018-05-15 17:00:00', 'Penjualan'),
(276, 27, '123', -1, NULL, 'ben', '2018-05-16', 'ben', '2018-05-16', '2018-05-15 17:00:00', 'Penjualan'),
(277, 27, '123', -1, NULL, 'ben', '2018-05-16', 'ben', '2018-05-16', '2018-05-15 17:00:00', 'Penjualan'),
(278, 27, '123', -1, NULL, 'ben', '2018-05-16', 'ben', '2018-05-16', '2018-05-15 17:00:00', 'Penjualan'),
(279, 27, '123', -1, NULL, 'ben', '2018-05-16', 'ben', '2018-05-16', '2018-05-15 17:00:00', 'Penjualan'),
(280, 27, '123', -1, NULL, 'ben', '2018-05-16', 'ben', '2018-05-16', '2018-05-15 17:00:00', 'Penjualan'),
(281, 27, '123', -1, NULL, 'ben', '2018-05-16', 'ben', '2018-05-16', '2018-05-15 17:00:00', 'Penjualan'),
(282, 27, '123', -1, NULL, 'ben', '2018-05-16', 'ben', '2018-05-16', '2018-05-15 17:00:00', 'Penjualan'),
(283, 27, '123', -1, NULL, 'ben', '2018-05-16', 'ben', '2018-05-16', '2018-05-15 17:00:00', 'Penjualan'),
(284, 27, '123', -1, NULL, 'ben', '2018-05-16', 'ben', '2018-05-16', '2018-05-15 17:00:00', 'Penjualan'),
(285, 27, '123', -1, NULL, 'ben', '2018-05-16', 'ben', '2018-05-16', '2018-05-15 17:00:00', 'Penjualan'),
(286, 27, '123', -1, NULL, 'ben', '2018-05-16', 'ben', '2018-05-16', '2018-05-15 17:00:00', 'Penjualan'),
(287, 27, '123', -1, NULL, 'ben', '2018-05-16', 'ben', '2018-05-16', '2018-05-15 17:00:00', 'Penjualan'),
(288, 27, '123', -1, NULL, 'ben', '2018-05-16', 'ben', '2018-05-16', '2018-05-15 17:00:00', 'Penjualan'),
(289, 27, '123', -1, NULL, 'ben', '2018-05-16', 'ben', '2018-05-16', '2018-05-15 17:00:00', 'Penjualan'),
(290, 27, '123', -1, NULL, 'ben', '2018-05-16', 'ben', '2018-05-16', '2018-05-15 17:00:00', 'Penjualan'),
(291, 27, '123', -1, NULL, 'ben', '2018-05-16', 'ben', '2018-05-16', '2018-05-15 17:00:00', 'Penjualan'),
(292, 27, '123', 1000, '', 'ben', '2018-05-16', 'ben', '0000-00-00', '2018-05-15 17:00:00', 'Adjustment'),
(293, 27, '123', -1, NULL, 'ben', '2018-05-16', 'ben', '2018-05-16', '2018-05-15 17:00:00', 'Penjualan'),
(294, 27, '123', -1, NULL, 'ben', '2018-05-16', 'ben', '2018-05-16', '2018-05-15 17:00:00', 'Penjualan'),
(295, 27, '123', -1, NULL, 'ben', '2018-05-16', 'ben', '2018-05-16', '2018-05-15 17:00:00', 'Penjualan'),
(296, 27, '123', -1, NULL, 'ben', '2018-05-16', 'ben', '2018-05-16', '2018-05-15 17:00:00', 'Penjualan'),
(297, 27, '123', -1, NULL, 'ben', '2018-05-16', 'ben', '2018-05-16', '2018-05-15 17:00:00', 'Penjualan'),
(298, 27, '123', 1, 'Refund Invoice:20180516110602', 'ben', '2018-05-16', 'ben', '2018-05-16', '2018-05-15 17:00:00', 'Refund'),
(299, 27, '123', 1, 'Refund Invoice:20180515204330', 'ben', '2018-05-16', 'ben', '2018-05-16', '2018-05-15 17:00:00', 'Refund'),
(300, 27, '123', 1, 'Refund Invoice:20180515204408', 'ben', '2018-05-16', 'ben', '2018-05-16', '2018-05-15 17:00:00', 'Refund'),
(301, 27, '123', 1, 'Refund Invoice:20180515204518', 'ben', '2018-05-16', 'ben', '2018-05-16', '2018-05-15 17:00:00', 'Refund'),
(302, 27, '123', 1, 'Refund Invoice:20180515204545', 'ben', '2018-05-16', 'ben', '2018-05-16', '2018-05-15 17:00:00', 'Refund'),
(303, 27, '123', 1, 'Refund Invoice:20180515204803', 'ben', '2018-05-16', 'ben', '2018-05-16', '2018-05-15 17:00:00', 'Refund'),
(304, 27, '123', -1, NULL, 'ben', '2018-05-16', 'ben', '2018-05-16', '2018-05-15 17:00:00', 'Penjualan'),
(305, 27, '123', 1, 'Refund Invoice:20180516135601', 'ben', '2018-05-16', 'ben', '2018-05-16', '2018-05-15 17:00:00', 'Refund'),
(306, 27, '123', -1, NULL, 'ben', '2018-05-16', 'ben', '2018-05-16', '2018-05-15 17:00:00', 'Penjualan'),
(307, 27, '123', 1, 'Refund Invoice:20180516140441', 'ben', '2018-05-16', 'ben', '2018-05-16', '2018-05-15 17:00:00', 'Refund'),
(308, 27, '123', -1, NULL, 'ben', '2018-05-16', 'ben', '2018-05-16', '2018-05-15 17:00:00', 'Penjualan'),
(309, 27, '123', -1, NULL, 'ben', '2018-05-16', 'ben', '2018-05-16', '2018-05-15 17:00:00', 'Penjualan'),
(310, 27, '123', -1, NULL, 'ben', '2018-05-16', 'ben', '2018-05-16', '2018-05-15 17:00:00', 'Penjualan'),
(311, 27, '123', 1, 'Refund Invoice:20180516141438', 'ben', '2018-05-16', 'ben', '2018-05-16', '2018-05-15 17:00:00', 'Refund'),
(312, 27, '123', -1, NULL, 'ben', '2018-05-16', 'ben', '2018-05-16', '2018-05-15 17:00:00', 'Penjualan'),
(313, 27, '123', -1, NULL, 'ben', '2018-05-16', 'ben', '2018-05-16', '2018-05-15 17:00:00', 'Penjualan'),
(314, 27, '123', -1, NULL, 'ben', '2018-05-16', 'ben', '2018-05-16', '2018-05-15 17:00:00', 'Penjualan'),
(315, 27, '123', 1, 'Refund Invoice:20180516141959', 'ben', '2018-05-16', 'ben', '2018-05-16', '2018-05-15 17:00:00', 'Refund'),
(316, 27, '123', -1, NULL, 'ben', '2018-05-16', 'ben', '2018-05-16', '2018-05-15 17:00:00', 'Penjualan'),
(317, 27, '123', 1, 'Refund Invoice:20180516142644', 'ben', '2018-05-16', 'ben', '2018-05-16', '2018-05-15 17:00:00', 'Refund'),
(318, 27, '123', -1, NULL, 'ben', '2018-05-16', 'ben', '2018-05-16', '2018-05-15 17:00:00', 'Penjualan'),
(319, 27, '123', 1, 'Refund Invoice:20180516142727', 'ben', '2018-05-16', 'ben', '2018-05-16', '2018-05-15 17:00:00', 'Refund'),
(320, 27, '123', -1, NULL, 'ben', '2018-05-16', 'ben', '2018-05-16', '2018-05-15 17:00:00', 'Penjualan'),
(321, 27, '123', 1, 'Refund Invoice:20180516152847', 'ben', '2018-05-16', 'ben', '2018-05-16', '2018-05-15 17:00:00', 'Refund'),
(322, 27, '123', -1, NULL, 'ben', '2018-05-16', 'ben', '2018-05-16', '2018-05-15 17:00:00', 'Penjualan'),
(323, 40, '123', -1, NULL, 'ben', '2018-05-16', 'ben', '2018-05-16', '2018-05-15 17:00:00', 'Penjualan'),
(324, 27, '123', -1, NULL, 'ben', '2018-05-16', 'ben', '2018-05-16', '2018-05-15 17:00:00', 'Penjualan'),
(325, 40, '123', -1, NULL, 'ben', '2018-05-16', 'ben', '2018-05-16', '2018-05-15 17:00:00', 'Penjualan'),
(326, 40, '123', -1, NULL, 'ben', '2018-05-16', 'ben', '2018-05-16', '2018-05-15 17:00:00', 'Penjualan'),
(327, 27, '123', 0, '', 'ben', '2018-05-16', 'ben', '0000-00-00', '2018-05-15 17:00:00', 'Adjustment'),
(328, 27, '123', 0, '', 'ben', '2018-05-16', 'ben', '0000-00-00', '2018-05-15 17:00:00', 'Adjustment'),
(329, 27, '123', 0, '', 'ben', '2018-05-16', 'ben', '0000-00-00', '2018-05-15 17:00:00', 'Adjustment'),
(330, 27, '123', 0, '', 'ben', '2018-05-16', 'ben', '0000-00-00', '2018-05-15 17:00:00', 'Adjustment'),
(331, 27, '123', 0, '', 'ben', '2018-05-16', 'ben', '0000-00-00', '2018-05-15 17:00:00', 'Adjustment'),
(332, 27, '123', 1, 'Refund Invoice:20180516142644', 'ben', '2018-05-17', 'ben', '2018-05-17', '2018-05-16 17:00:00', 'Refund'),
(333, 27, '123', 1, 'Refund Invoice:20180516142727', 'ben', '2018-05-17', 'ben', '2018-05-17', '2018-05-16 17:00:00', 'Refund'),
(334, 27, '123', -1, NULL, 'ben', '2018-05-17', 'ben', '2018-05-17', '2018-05-16 17:00:00', 'Penjualan'),
(335, 27, '123', 1, 'Refund Invoice:20180517150828', 'ben', '2018-05-17', 'ben', '2018-05-17', '2018-05-16 17:00:00', 'Refund'),
(336, 27, '123', 1, 'Refund Invoice:20180516153814', 'ben', '2018-05-17', 'ben', '2018-05-17', '2018-05-16 17:00:00', 'Refund'),
(337, 40, '123', 1, 'Refund Invoice:20180516154004', 'ben', '2018-05-17', 'ben', '2018-05-17', '2018-05-16 17:00:00', 'Refund'),
(338, 40, '123', 1, 'Refund Invoice:20180516190914', 'ben', '2018-05-17', 'ben', '2018-05-17', '2018-05-16 17:00:00', 'Refund'),
(339, 27, '123', 1, 'Refund Invoice:20180516190838', 'ben', '2018-05-17', 'ben', '2018-05-17', '2018-05-16 17:00:00', 'Refund'),
(340, 40, '123', 1, 'Refund Invoice:20180516190838', 'ben', '2018-05-17', 'ben', '2018-05-17', '2018-05-16 17:00:00', 'Refund'),
(341, 27, '123', -1, NULL, 'ben', '2018-05-17', 'ben', '2018-05-17', '2018-05-16 17:00:00', 'Penjualan'),
(342, 27, '123', 1, 'Refund Invoice:20180517153055', 'ben', '2018-05-17', 'ben', '2018-05-17', '2018-05-16 17:00:00', 'Refund'),
(343, 27, '123', -1, NULL, 'ben', '2018-05-17', 'ben', '2018-05-17', '2018-05-16 17:00:00', 'Penjualan'),
(344, 27, '123', 1, 'Refund Invoice:20180517153300', 'ben', '2018-05-17', 'ben', '2018-05-17', '2018-05-16 17:00:00', 'Refund'),
(345, 27, '123', -1, NULL, 'ben', '2018-05-17', 'ben', '2018-05-17', '2018-05-16 17:00:00', 'Penjualan'),
(346, 27, '123', 1, 'Refund Invoice:20180516142644', 'ben', '2018-05-17', 'ben', '2018-05-17', '2018-05-16 17:00:00', 'Refund'),
(347, 27, '123', 1, 'Refund Invoice:20180516142727', 'ben', '2018-05-17', 'ben', '2018-05-17', '2018-05-16 17:00:00', 'Refund'),
(348, 27, '123', 1, 'Refund Invoice:20180516152847', 'ben', '2018-05-17', 'ben', '2018-05-17', '2018-05-16 17:00:00', 'Refund'),
(349, 40, '123', 1, 'Refund Invoice:20180516154004', 'ben', '2018-05-17', 'ben', '2018-05-17', '2018-05-16 17:00:00', 'Refund'),
(350, 27, '123', 1, 'Refund Invoice:20180516190838', 'ben', '2018-05-17', 'ben', '2018-05-17', '2018-05-16 17:00:00', 'Refund'),
(351, 40, '123', 1, 'Refund Invoice:20180516190838', 'ben', '2018-05-17', 'ben', '2018-05-17', '2018-05-16 17:00:00', 'Refund'),
(352, 27, '123', 1, 'Refund Invoice:20180516153814', 'ben', '2018-05-17', 'ben', '2018-05-17', '2018-05-16 17:00:00', 'Refund'),
(353, 27, '123', 1, 'Refund Invoice:20180517153055', 'ben', '2018-05-17', 'ben', '2018-05-17', '2018-05-16 17:00:00', 'Refund'),
(354, 40, '123', 1, 'Refund Invoice:20180516190914', 'ben', '2018-05-17', 'ben', '2018-05-17', '2018-05-16 17:00:00', 'Refund'),
(355, 27, '123', 1, 'Refund Invoice:20180517150828', 'ben', '2018-05-17', 'ben', '2018-05-17', '2018-05-16 17:00:00', 'Refund'),
(356, 27, '123', 1, 'Refund Invoice:20180517153300', 'ben', '2018-05-17', 'ben', '2018-05-17', '2018-05-16 17:00:00', 'Refund'),
(357, 27, '123', -1, NULL, 'ben', '2018-05-17', 'ben', '2018-05-17', '2018-05-16 17:00:00', 'Penjualan'),
(358, 27, '123', 1, 'Refund Invoice:20180516142644', 'ben', '2018-05-17', 'ben', '2018-05-17', '2018-05-16 17:00:00', 'Refund'),
(359, 27, '123', 1, 'Refund Invoice:20180516142644', 'ben', '2018-05-17', 'ben', '2018-05-17', '2018-05-16 17:00:00', 'Refund'),
(360, 27, '123', 1, 'Refund Invoice:20180516142644', 'ben', '2018-05-17', 'ben', '2018-05-17', '2018-05-16 17:00:00', 'Refund'),
(361, 27, '123', 1, 'Refund Invoice:20180516142644', 'ben', '2018-05-17', 'ben', '2018-05-17', '2018-05-16 17:00:00', 'Refund'),
(362, 27, '123', 1, 'Refund Invoice:20180516142727', 'ben', '2018-05-17', 'ben', '2018-05-17', '2018-05-16 17:00:00', 'Refund'),
(363, 27, '123', 1, 'Refund Invoice:20180516142644', 'ben', '2018-05-17', 'ben', '2018-05-17', '2018-05-16 17:00:00', 'Refund'),
(364, 27, '123', 1, 'Refund Invoice:20180516142644', 'ben', '2018-05-17', 'ben', '2018-05-17', '2018-05-16 17:00:00', 'Refund'),
(365, 27, '123', 1, 'Refund Invoice:20180516142644', 'ben', '2018-05-17', 'ben', '2018-05-17', '2018-05-16 17:00:00', 'Refund'),
(366, 27, '123', 1, 'Refund Invoice:20180516142644', 'ben', '2018-05-17', 'ben', '2018-05-17', '2018-05-16 17:00:00', 'Refund'),
(367, 27, '123', 1, 'Refund Invoice:20180516142644', 'ben', '2018-05-17', 'ben', '2018-05-17', '2018-05-16 17:00:00', 'Refund'),
(368, 27, '123', 1, 'Refund Invoice:20180516142644', 'ben', '2018-05-17', 'ben', '2018-05-17', '2018-05-16 17:00:00', 'Refund'),
(369, 27, '123', 1, 'Refund Invoice:20180516142644', 'ben', '2018-05-17', 'ben', '2018-05-17', '2018-05-16 17:00:00', 'Refund'),
(370, 27, '123', 1, 'Refund Invoice:153426', 'ben', '2018-05-17', 'ben', '2018-05-17', '2018-05-16 17:00:00', 'Refund'),
(371, 27, '123', -1, NULL, 'ben', '2018-05-17', 'ben', '2018-05-17', '2018-05-16 17:00:00', 'Penjualan'),
(372, 27, '123', -1, NULL, 'ben', '2018-05-17', 'ben', '2018-05-17', '2018-05-16 17:00:00', 'Penjualan'),
(373, 40, '123', -1, NULL, 'ben', '2018-05-17', 'ben', '2018-05-17', '2018-05-16 17:00:00', 'Penjualan'),
(374, 40, '123', -1, NULL, 'ben', '2018-05-17', 'ben', '2018-05-17', '2018-05-16 17:00:00', 'Penjualan'),
(375, 40, '123', -1, NULL, 'ben', '2018-05-17', 'ben', '2018-05-17', '2018-05-16 17:00:00', 'Penjualan'),
(376, 27, '123', -1, NULL, 'ben', '2018-05-17', 'ben', '2018-05-17', '2018-05-16 17:00:00', 'Penjualan'),
(377, 27, '123', -1, NULL, 'ben', '2018-05-17', 'ben', '2018-05-17', '2018-05-16 17:00:00', 'Penjualan'),
(378, 27, '123', -1, NULL, 'ben', '2018-05-17', 'ben', '2018-05-17', '2018-05-16 17:00:00', 'Penjualan'),
(379, 27, '123', -1, NULL, 'ben', '2018-05-17', 'ben', '2018-05-17', '2018-05-16 17:00:00', 'Penjualan'),
(380, 27, '123', -1, NULL, 'ben', '2018-05-17', 'ben', '2018-05-17', '2018-05-16 17:00:00', 'Penjualan'),
(381, 27, '123', -1, NULL, 'ben', '2018-05-17', 'ben', '2018-05-17', '2018-05-16 17:00:00', 'Penjualan'),
(382, 27, '123', -1, NULL, 'ben', '2018-05-17', 'ben', '2018-05-17', '2018-05-16 17:00:00', 'Penjualan'),
(383, 27, '123', -1, NULL, 'ben', '2018-05-17', 'ben', '2018-05-17', '2018-05-16 17:00:00', 'Penjualan'),
(384, 27, '123', -1, NULL, 'ben', '2018-05-17', 'ben', '2018-05-17', '2018-05-16 17:00:00', 'Penjualan'),
(385, 27, '123', -1, NULL, 'ben', '2018-05-17', 'ben', '2018-05-17', '2018-05-16 17:00:00', 'Penjualan'),
(386, 27, '123', -1, NULL, 'ben', '2018-05-17', 'ben', '2018-05-17', '2018-05-16 17:00:00', 'Penjualan'),
(387, 27, '123', -1, NULL, 'ben', '2018-05-17', 'ben', '2018-05-17', '2018-05-16 17:00:00', 'Penjualan'),
(388, 27, '123', -1, NULL, 'ben', '2018-05-17', 'ben', '2018-05-17', '2018-05-16 17:00:00', 'Penjualan'),
(389, 27, '123', -1, NULL, 'ben', '2018-05-17', 'ben', '2018-05-17', '2018-05-16 17:00:00', 'Penjualan'),
(390, 27, '123', -1, NULL, 'ben', '2018-05-17', 'ben', '2018-05-17', '2018-05-16 17:00:00', 'Penjualan'),
(391, 27, '123', -1, NULL, 'ben', '2018-05-17', 'ben', '2018-05-17', '2018-05-16 17:00:00', 'Penjualan'),
(392, 27, '123', -1, NULL, 'ben', '2018-05-17', 'ben', '2018-05-17', '2018-05-16 17:00:00', 'Penjualan'),
(393, 27, '123', -1, NULL, 'ben', '2018-05-17', 'ben', '2018-05-17', '2018-05-16 17:00:00', 'Penjualan'),
(394, 27, '123', -1, NULL, 'ben', '2018-05-17', 'ben', '2018-05-17', '2018-05-16 17:00:00', 'Penjualan'),
(395, 27, '123', -1, NULL, 'ben', '2018-05-17', 'ben', '2018-05-17', '2018-05-16 17:00:00', 'Penjualan'),
(396, 27, '123', -1, NULL, 'ben', '2018-05-17', 'ben', '2018-05-17', '2018-05-16 17:00:00', 'Penjualan'),
(397, 27, '123', -1, NULL, 'ben', '2018-05-17', 'ben', '2018-05-17', '2018-05-16 17:00:00', 'Penjualan'),
(398, 27, '123', -1, NULL, 'ben', '2018-05-17', 'ben', '2018-05-17', '2018-05-16 17:00:00', 'Penjualan'),
(399, 27, '123', -1, NULL, 'ben', '2018-05-17', 'ben', '2018-05-17', '2018-05-16 17:00:00', 'Penjualan'),
(400, 27, '123', -1, NULL, 'ben', '2018-05-17', 'ben', '2018-05-17', '2018-05-16 17:00:00', 'Penjualan'),
(401, 27, '123', -1, NULL, 'ben', '2018-05-17', 'ben', '2018-05-17', '2018-05-16 17:00:00', 'Penjualan'),
(402, 27, '123', -1, NULL, 'ben', '2018-05-17', 'ben', '2018-05-17', '2018-05-16 17:00:00', 'Penjualan'),
(403, 27, '123', -1, NULL, 'ben', '2018-05-17', 'ben', '2018-05-17', '2018-05-16 17:00:00', 'Penjualan'),
(404, 27, '123', -1, NULL, 'ben', '2018-05-17', 'ben', '2018-05-17', '2018-05-16 17:00:00', 'Penjualan'),
(405, 27, '123', -1, NULL, 'ben', '2018-05-17', 'ben', '2018-05-17', '2018-05-16 17:00:00', 'Penjualan'),
(406, 27, '123', -1, NULL, 'ben', '2018-05-17', 'ben', '2018-05-17', '2018-05-16 17:00:00', 'Penjualan'),
(407, 27, '123', -1, NULL, 'ben', '2018-05-17', 'ben', '2018-05-17', '2018-05-16 17:00:00', 'Penjualan'),
(408, 27, '123', -1, NULL, 'ben', '2018-05-17', 'ben', '2018-05-17', '2018-05-16 17:00:00', 'Penjualan'),
(409, 27, '123', -1, NULL, 'ben', '2018-05-17', 'ben', '2018-05-17', '2018-05-16 17:00:00', 'Penjualan'),
(410, 27, '123', -1, NULL, 'ben', '2018-05-17', 'ben', '2018-05-17', '2018-05-16 17:00:00', 'Penjualan'),
(411, 27, '123', -1, NULL, 'ben', '2018-05-17', 'ben', '2018-05-17', '2018-05-16 17:00:00', 'Penjualan'),
(412, 27, '123', -1, NULL, 'ben', '2018-05-17', 'ben', '2018-05-17', '2018-05-16 17:00:00', 'Penjualan'),
(413, 27, '123', -1, NULL, 'ben', '2018-05-17', 'ben', '2018-05-17', '2018-05-16 17:00:00', 'Penjualan'),
(414, 27, '123', -1, NULL, 'ben', '2018-05-17', 'ben', '2018-05-17', '2018-05-16 17:00:00', 'Penjualan'),
(415, 27, '123', -1, NULL, 'ben', '2018-05-17', 'ben', '2018-05-17', '2018-05-16 17:00:00', 'Penjualan'),
(416, 27, '123', -1, NULL, 'ben', '2018-05-17', 'ben', '2018-05-17', '2018-05-16 17:00:00', 'Penjualan'),
(417, 27, '123', -2, NULL, 'ben', '2018-05-17', 'ben', '2018-05-17', '2018-05-16 17:00:00', 'Penjualan'),
(418, 27, '123', -1, NULL, 'ben', '2018-05-17', 'ben', '2018-05-17', '2018-05-16 17:00:00', 'Penjualan'),
(419, 27, '123', -1, NULL, 'ben', '2018-05-17', 'ben', '2018-05-17', '2018-05-16 17:00:00', 'Penjualan'),
(420, 27, '123', -1, NULL, 'ben', '2018-05-17', 'ben', '2018-05-17', '2018-05-16 17:00:00', 'Penjualan'),
(421, 27, '123', -1, NULL, 'ben', '2018-05-17', 'ben', '2018-05-17', '2018-05-16 17:00:00', 'Penjualan'),
(422, 27, '123', -1, NULL, 'ben', '2018-05-17', 'ben', '2018-05-17', '2018-05-16 17:00:00', 'Penjualan'),
(423, 27, '123', -1, NULL, 'ben', '2018-05-17', 'ben', '2018-05-17', '2018-05-16 17:00:00', 'Penjualan'),
(424, 27, '123', -1, NULL, 'ben', '2018-05-17', 'ben', '2018-05-17', '2018-05-16 17:00:00', 'Penjualan'),
(425, 27, '123', -1, NULL, 'ben', '2018-05-17', 'ben', '2018-05-17', '2018-05-16 17:00:00', 'Penjualan'),
(426, 27, '123', -1, NULL, 'ben', '2018-05-17', 'ben', '2018-05-17', '2018-05-16 17:00:00', 'Penjualan'),
(427, 27, '123', -1, NULL, 'ben', '2018-05-17', 'ben', '2018-05-17', '2018-05-16 17:00:00', 'Penjualan'),
(428, 27, '123', -1, NULL, 'ben', '2018-05-17', 'ben', '2018-05-17', '2018-05-16 17:00:00', 'Penjualan'),
(429, 27, '123', -1, NULL, 'ben', '2018-05-17', 'ben', '2018-05-17', '2018-05-16 17:00:00', 'Penjualan'),
(430, 27, '123', -1, NULL, 'ben', '2018-05-17', 'ben', '2018-05-17', '2018-05-16 17:00:00', 'Penjualan'),
(431, 27, '123', -1, NULL, 'ben', '2018-05-17', 'ben', '2018-05-17', '2018-05-16 17:00:00', 'Penjualan'),
(432, 27, '123', -1, NULL, 'ben', '2018-05-17', 'ben', '2018-05-17', '2018-05-16 17:00:00', 'Penjualan'),
(433, 27, '123', -1, NULL, 'ben', '2018-05-17', 'ben', '2018-05-17', '2018-05-16 17:00:00', 'Penjualan'),
(434, 27, '123', -1, NULL, 'ben', '2018-05-18', 'ben', '2018-05-18', '2018-05-17 17:00:00', 'Penjualan'),
(435, 27, '123', -1, NULL, 'ben', '2018-05-18', 'ben', '2018-05-18', '2018-05-17 17:00:00', 'Penjualan'),
(436, 27, '123', -1, NULL, 'ben', '2018-05-18', 'ben', '2018-05-18', '2018-05-17 17:00:00', 'Penjualan'),
(437, 27, '123', -1, NULL, 'ben', '2018-05-18', 'ben', '2018-05-18', '2018-05-17 17:00:00', 'Penjualan'),
(438, 27, '123', 1, 'Refund Invoice:153938', 'ben', '2018-05-18', 'ben', '2018-05-18', '2018-05-17 17:00:00', 'Refund'),
(439, 27, '123', 1, 'Refund Invoice:172741', 'ben', '2018-05-18', 'ben', '2018-05-18', '2018-05-17 17:00:00', 'Refund'),
(440, 27, '123', 1, 'Refund Invoice:172811', 'ben', '2018-05-18', 'ben', '2018-05-18', '2018-05-17 17:00:00', 'Refund'),
(441, 40, '123', 1, 'Refund Invoice:173001', 'ben', '2018-05-18', 'ben', '2018-05-18', '2018-05-17 17:00:00', 'Refund'),
(442, 40, '123', 1, 'Refund Invoice:173112', 'ben', '2018-05-18', 'ben', '2018-05-18', '2018-05-17 17:00:00', 'Refund'),
(443, 27, '123', 1, 'Refund Invoice:173613', 'ben', '2018-05-18', 'ben', '2018-05-18', '2018-05-17 17:00:00', 'Refund'),
(444, 27, '123', 1, 'Refund Invoice:000341', 'ben', '2018-05-18', 'ben', '2018-05-18', '2018-05-17 17:00:00', 'Refund'),
(445, 27, '123', 1, 'Refund Invoice:000332', 'ben', '2018-05-18', 'ben', '2018-05-18', '2018-05-17 17:00:00', 'Refund'),
(446, 27, '123', 1, 'Refund Invoice:174106', 'ben', '2018-05-18', 'ben', '2018-05-18', '2018-05-17 17:00:00', 'Refund'),
(447, 27, '123', 1, 'Refund Invoice:174014', 'ben', '2018-05-18', 'ben', '2018-05-18', '2018-05-17 17:00:00', 'Refund'),
(448, 27, '123', 1, 'Refund Invoice:174025', 'ben', '2018-05-18', 'ben', '2018-05-18', '2018-05-17 17:00:00', 'Refund'),
(449, 27, '123', 1, 'Refund Invoice:174049', 'ben', '2018-05-19', 'ben', '2018-05-19', '2018-05-18 17:00:00', 'Refund'),
(450, 27, '123', 1, 'Refund Invoice:174058', 'ben', '2018-05-19', 'ben', '2018-05-19', '2018-05-18 17:00:00', 'Refund'),
(451, 27, '123', 1, 'Refund Invoice:174005', 'ben', '2018-05-19', 'ben', '2018-05-19', '2018-05-18 17:00:00', 'Refund'),
(452, 27, '123', 1, 'Refund Invoice:173926', 'ben', '2018-05-19', 'ben', '2018-05-19', '2018-05-18 17:00:00', 'Refund'),
(453, 27, '123', 1, 'Refund Invoice:173857', 'ben', '2018-05-19', 'ben', '2018-05-19', '2018-05-18 17:00:00', 'Refund'),
(454, 27, '123', 1, 'Refund Invoice:173850', 'ben', '2018-05-19', 'ben', '2018-05-19', '2018-05-18 17:00:00', 'Refund'),
(455, 27, '123', 1, 'Refund Invoice:173652', 'ben', '2018-05-19', 'ben', '2018-05-19', '2018-05-18 17:00:00', 'Refund'),
(456, 27, '123', 1, 'Refund Invoice:173620', 'ben', '2018-05-19', 'ben', '2018-05-19', '2018-05-18 17:00:00', 'Refund'),
(457, 27, '123', 1, 'Refund Invoice:173605', 'ben', '2018-05-19', 'ben', '2018-05-19', '2018-05-18 17:00:00', 'Refund'),
(458, 27, '123', 1, 'Refund Invoice:173325', 'ben', '2018-05-19', 'ben', '2018-05-19', '2018-05-18 17:00:00', 'Refund'),
(459, 27, '123', 1, 'Refund Invoice:173220', 'ben', '2018-05-19', 'ben', '2018-05-19', '2018-05-18 17:00:00', 'Refund'),
(460, 40, '123', 1, 'Refund Invoice:173157', 'ben', '2018-05-19', 'ben', '2018-05-19', '2018-05-18 17:00:00', 'Refund'),
(461, 27, '123', 1, 'Refund Invoice:174112', 'ben', '2018-05-19', 'ben', '2018-05-19', '2018-05-18 17:00:00', 'Refund'),
(462, 27, '123', 1, 'Refund Invoice:224728', 'ben', '2018-05-19', 'ben', '2018-05-19', '2018-05-18 17:00:00', 'Refund'),
(463, 27, '123', -1, NULL, 'ben', '2018-05-19', 'ben', '2018-05-19', '2018-05-18 17:00:00', 'Penjualan');

-- --------------------------------------------------------

--
-- Table structure for table `outlet`
--

CREATE TABLE `outlet` (
  `name` varchar(255) NOT NULL,
  `address` varchar(255) DEFAULT NULL,
  `phone` varchar(255) DEFAULT NULL,
  `city` varchar(255) DEFAULT NULL,
  `province` varchar(255) DEFAULT NULL,
  `outlet_id` int(11) NOT NULL,
  `postal_code` int(255) DEFAULT NULL,
  `date_founded` date DEFAULT NULL,
  `email` varchar(255) DEFAULT NULL,
  `last_update_by` varchar(255) DEFAULT NULL,
  `created_by` varchar(255) DEFAULT NULL,
  `created_date` date DEFAULT NULL,
  `last_update_date` date DEFAULT NULL,
  `status` varchar(255) NOT NULL,
  `ledger_id` varchar(255) NOT NULL
) ENGINE=InnoDB DEFAULT CHARSET=latin1;

--
-- Dumping data for table `outlet`
--

INSERT INTO `outlet` (`name`, `address`, `phone`, `city`, `province`, `outlet_id`, `postal_code`, `date_founded`, `email`, `last_update_by`, `created_by`, `created_date`, `last_update_date`, `status`, `ledger_id`) VALUES
('CaseNation.ID', 'Tangerang', '089636053432', 'Tangerang', 'Tangerang', 1, 0, '0000-00-00', NULL, '', NULL, NULL, NULL, 'Active', '123'),
('Toko kue Martin', 'Cimone', '0808080808', 'Banten', 'Tangerang', 2, 15810, '0000-00-00', 'martinganteng@gmail.com', '', NULL, NULL, NULL, 'Active', ''),
('keprabon', 'Undefined', 'Undefined', 'Undefined', 'Undefined', 3, 0, '2018-04-09', 'Undefined', NULL, NULL, NULL, NULL, 'Active', '123'),
('keprabon', 'Undefined', 'Undefined', 'Undefined', 'Undefined', 4, 0, '2018-04-10', 'Undefined', 'qwe', 'qwe', '2018-04-10', '2018-04-10', 'Active', '123'),
('friday', 'Undefined', 'Undefined', 'Undefined', 'Undefined', 5, 0, '2018-05-14', 'Undefined', '123', '123', '2018-05-14', '2018-05-14', 'Active', '05141141');

-- --------------------------------------------------------

--
-- Table structure for table `po_header_all`
--

CREATE TABLE `po_header_all` (
  `po_header_id` varchar(255) NOT NULL,
  `po_date` date NOT NULL,
  `supplier` varchar(255) NOT NULL,
  `ship_to` varchar(255) NOT NULL,
  `outlets` varchar(255) NOT NULL,
  `created_date` date DEFAULT NULL,
  `created_by` varchar(255) DEFAULT NULL,
  `last_update_by` varchar(255) DEFAULT NULL,
  `last_update_date` date DEFAULT NULL,
  `po_description` varchar(255) NOT NULL,
  `due_date` date NOT NULL,
  `status` varchar(20) NOT NULL,
  `ledger_id` varchar(255) NOT NULL,
  `amount_due_remaining` int(11) NOT NULL
) ENGINE=InnoDB DEFAULT CHARSET=latin1;

--
-- Dumping data for table `po_header_all`
--

INSERT INTO `po_header_all` (`po_header_id`, `po_date`, `supplier`, `ship_to`, `outlets`, `created_date`, `created_by`, `last_update_by`, `last_update_date`, `po_description`, `due_date`, `status`, `ledger_id`, `amount_due_remaining`) VALUES
('20180517214634', '2018-05-17', 'bbbbbb', 'tangerang', 'CaseNation.ID', '2018-05-17', 'ben', 'ben', '2018-05-17', 'laptop', '2018-05-17', 'Paid', '123', 0),
('20180517220644', '2018-05-17', 'aa', 'jakarta', 'CaseNation.ID', '2018-05-17', 'ben', 'ben', '2018-05-17', 'mobil', '2018-05-17', 'Open', '123', -45001),
('20180517225849', '2018-05-17', 'cba', 'asd', 'CaseNation.ID', '2018-05-17', 'ben', 'ben', '2018-05-17', 'asd', '2018-05-17', 'Paid', '123', 0);

-- --------------------------------------------------------

--
-- Table structure for table `po_line_all`
--

CREATE TABLE `po_line_all` (
  `po_line_id` int(20) NOT NULL,
  `po_header_id` varchar(255) NOT NULL,
  `uom` varchar(5) NOT NULL,
  `qty` int(20) NOT NULL,
  `price` int(20) NOT NULL,
  `created_date` date DEFAULT NULL,
  `created_by` varchar(255) DEFAULT NULL,
  `last_update_date` date DEFAULT NULL,
  `last_update_by` varchar(255) DEFAULT NULL,
  `inventory_item_id` varchar(255) NOT NULL
) ENGINE=InnoDB DEFAULT CHARSET=latin1;

--
-- Dumping data for table `po_line_all`
--

INSERT INTO `po_line_all` (`po_line_id`, `po_header_id`, `uom`, `qty`, `price`, `created_date`, `created_by`, `last_update_date`, `last_update_by`, `inventory_item_id`) VALUES
(26, '20180517214634', 'PCS', 1, 10000, '2018-05-17', 'ben', '2018-05-17', 'ben', '37'),
(27, '20180517214634', 'PCS', 1, 20000, '2018-05-17', 'ben', '2018-05-17', 'ben', '36'),
(28, '20180517214634', 'PCS', 1, 15000, '2018-05-17', 'ben', '2018-05-17', 'ben', '27'),
(29, '20180517220644', 'a', 1, 10000, '2018-05-17', 'ben', '2018-05-17', 'ben', '36'),
(30, '20180517220644', 'a', 1, 15000, '2018-05-17', 'ben', '2018-05-17', 'ben', '37'),
(31, '20180517220644', 'a', 1, 20000, '2018-05-17', 'ben', '2018-05-17', 'ben', '27'),
(32, '20180517225849', 'a', 1, 1, '2018-05-17', 'ben', '2018-05-17', 'ben', '27');

--
-- Indexes for dumped tables
--

--
-- Indexes for table `ap_check_all`
--
ALTER TABLE `ap_check_all`
  ADD PRIMARY KEY (`payment_id`);

--
-- Indexes for table `ap_supplier_all`
--
ALTER TABLE `ap_supplier_all`
  ADD PRIMARY KEY (`party_id`);

--
-- Indexes for table `ar_check_all`
--
ALTER TABLE `ar_check_all`
  ADD PRIMARY KEY (`payment_id`);

--
-- Indexes for table `cogs`
--
ALTER TABLE `cogs`
  ADD PRIMARY KEY (`item_cost_id`);

--
-- Indexes for table `employee`
--
ALTER TABLE `employee`
  ADD PRIMARY KEY (`employee_id`);

--
-- Indexes for table `fmd_recipe_header`
--
ALTER TABLE `fmd_recipe_header`
  ADD PRIMARY KEY (`recipe_id`);

--
-- Indexes for table `fmd_recipe_line`
--
ALTER TABLE `fmd_recipe_line`
  ADD PRIMARY KEY (`recipe_line_id`);

--
-- Indexes for table `inventory`
--
ALTER TABLE `inventory`
  ADD PRIMARY KEY (`id`);

--
-- Indexes for table `invoice`
--
ALTER TABLE `invoice`
  ADD PRIMARY KEY (`invoice_line_id`);

--
-- Indexes for table `invoice_header`
--
ALTER TABLE `invoice_header`
  ADD PRIMARY KEY (`invoice_id`);

--
-- Indexes for table `material_transaction`
--
ALTER TABLE `material_transaction`
  ADD PRIMARY KEY (`transaction_id`);

--
-- Indexes for table `outlet`
--
ALTER TABLE `outlet`
  ADD PRIMARY KEY (`outlet_id`);

--
-- Indexes for table `po_header_all`
--
ALTER TABLE `po_header_all`
  ADD PRIMARY KEY (`po_header_id`);

--
-- Indexes for table `po_line_all`
--
ALTER TABLE `po_line_all`
  ADD PRIMARY KEY (`po_line_id`);

--
-- AUTO_INCREMENT for dumped tables
--

--
-- AUTO_INCREMENT for table `ap_check_all`
--
ALTER TABLE `ap_check_all`
  MODIFY `payment_id` int(11) NOT NULL AUTO_INCREMENT, AUTO_INCREMENT=39;
--
-- AUTO_INCREMENT for table `ap_supplier_all`
--
ALTER TABLE `ap_supplier_all`
  MODIFY `party_id` int(20) NOT NULL AUTO_INCREMENT, AUTO_INCREMENT=13;
--
-- AUTO_INCREMENT for table `ar_check_all`
--
ALTER TABLE `ar_check_all`
  MODIFY `payment_id` int(11) NOT NULL AUTO_INCREMENT, AUTO_INCREMENT=254;
--
-- AUTO_INCREMENT for table `cogs`
--
ALTER TABLE `cogs`
  MODIFY `item_cost_id` int(255) NOT NULL AUTO_INCREMENT, AUTO_INCREMENT=61;
--
-- AUTO_INCREMENT for table `employee`
--
ALTER TABLE `employee`
  MODIFY `employee_id` int(11) NOT NULL AUTO_INCREMENT, AUTO_INCREMENT=26;
--
-- AUTO_INCREMENT for table `fmd_recipe_line`
--
ALTER TABLE `fmd_recipe_line`
  MODIFY `recipe_line_id` int(20) NOT NULL AUTO_INCREMENT, AUTO_INCREMENT=62;
--
-- AUTO_INCREMENT for table `inventory`
--
ALTER TABLE `inventory`
  MODIFY `id` int(11) NOT NULL AUTO_INCREMENT, AUTO_INCREMENT=93;
--
-- AUTO_INCREMENT for table `invoice`
--
ALTER TABLE `invoice`
  MODIFY `invoice_line_id` int(11) NOT NULL AUTO_INCREMENT, AUTO_INCREMENT=1313;
--
-- AUTO_INCREMENT for table `material_transaction`
--
ALTER TABLE `material_transaction`
  MODIFY `transaction_id` int(255) NOT NULL AUTO_INCREMENT, AUTO_INCREMENT=464;
--
-- AUTO_INCREMENT for table `outlet`
--
ALTER TABLE `outlet`
  MODIFY `outlet_id` int(11) NOT NULL AUTO_INCREMENT, AUTO_INCREMENT=6;
--
-- AUTO_INCREMENT for table `po_line_all`
--
ALTER TABLE `po_line_all`
  MODIFY `po_line_id` int(20) NOT NULL AUTO_INCREMENT, AUTO_INCREMENT=33;
/*!40101 SET CHARACTER_SET_CLIENT=@OLD_CHARACTER_SET_CLIENT */;
/*!40101 SET CHARACTER_SET_RESULTS=@OLD_CHARACTER_SET_RESULTS */;
/*!40101 SET COLLATION_CONNECTION=@OLD_COLLATION_CONNECTION */;
